# ID,Target Pressure (bar)
0,0.329708
1,0.320370
2,0.312302
3,0.247973
4,0.257169
5,0.259667
6,0.192068
7,0.194641
8,0.200783
9,1.066566
10,1.048073
11,1.024612
12,1.004687
13,1.004218
14,0.990467
15,0.936670
16,0.918147
17,0.884059
18,0.844930
19,0.785767
20,0.742707
21,0.514286
22,0.476098
23,0.476193
24,0.437132
25,0.416409
26,0.392292
27,0.089968
28,0.080425
29,0.073578
30,0.044414
31,0.040850
32,0.036645
33,0.040411
34,0.033608
35,0.033556
36,0.411624
37,0.178667
38,0.156347
39,0.170848
40,0.144895
41,0.162998
42,0.076591
43,0.079148
44,0.089662
45,0.207349
46,0.143830
47,0.117660
48,0.103741
49,0.068889
50,0.060659
51,0.084039
52,0.059384
53,0.048247
54,0.111164
55,0.133252
56,0.154870
57,0.099192
58,0.112825
59,0.136516
60,0.087238
61,0.102051
62,0.121640
63,0.396033
64,0.345451
65,0.351672
66,0.351595
67,0.323937
68,0.325776
69,0.307579
70,0.314565
71,0.339624
72,0.461188
73,0.408554
74,0.353828
75,0.275132
76,0.267221
77,0.256550
78,0.274571
79,0.236267
80,0.224461
81,0.099603
82,0.100192
83,0.091130
84,0.064650
85,0.061250
86,0.052429
87,0.046867
88,0.045369
89,0.043965
90,0.433701
91,0.377454
92,0.324576
93,0.373710
94,0.324838
95,0.263638
96,0.216153
97,0.183677
98,0.144530
99,0.312665
100,0.254475
101,0.213913
102,0.150815
103,0.116265
104,0.075903
105,0.096162
106,0.081985
107,0.071064
108,0.178807
109,0.174558
110,0.163517
111,0.119091
112,0.113118
113,0.107669
114,0.065048
115,0.063224
116,0.065844
117,0.757817
118,0.745940
119,0.700326
120,0.670452
121,0.632412
122,0.543533
123,0.471659
124,0.407318
125,0.356714
126,0.608004
127,0.520664
128,0.454779
129,0.320791
130,0.253993
131,0.173707
132,0.211670
133,0.175156
134,0.149984
135,0.072936
136,0.072232
137,0.088915
138,0.055848
139,0.055183
140,0.063022
141,0.053901
142,0.055489
143,0.055773
144,0.400770
145,0.303248
146,0.248851
147,0.380538
148,0.299903
149,0.253315
150,0.269673
151,0.231377
152,0.210111
153,0.277984
154,0.175063
155,0.134240
156,0.128191
157,0.106854
158,0.107919
159,0.124530
160,0.115920
161,0.104542
162,0.107646
163,0.101236
164,0.082134
165,0.075195
166,0.061450
167,0.052638
168,0.056505
169,0.048330
170,0.049202
171,0.650039
172,0.538758
173,0.412811
174,0.580150
175,0.462022
176,0.354978
177,0.532987
178,0.347495
179,0.260024
180,0.428377
181,0.318573
182,0.229515
183,0.182143
184,0.161531
185,0.134014
186,0.213872
187,0.153137
188,0.116351
189,0.079719
190,0.070574
191,0.071751
192,0.071731
193,0.062293
194,0.064555
195,0.061942
196,0.057305
197,0.059882
198,0.401492
199,0.259018
200,0.177781
201,0.356934
202,0.244645
203,0.174528
204,0.241208
205,0.216059
206,0.171433
207,0.281235
208,0.180142
209,0.131171
210,0.112056
211,0.100218
212,0.095105
213,0.115674
214,0.108467
215,0.096658
216,0.128823
217,0.129739
218,0.130973
219,0.079484
220,0.080213
221,0.080262
222,0.054419
223,0.054734
224,0.054946
225,0.378238
226,0.377030
227,0.381626
228,0.319071
229,0.322984
230,0.325057
231,0.240197
232,0.238077
233,0.234095
234,0.306707
235,0.306672
236,0.304987
237,0.237401
238,0.174672
239,0.114687
240,0.103581
241,0.103587
242,0.103812
243,0.137507
244,0.121237
245,0.135803
246,0.130092
247,0.112067
248,0.129090
249,0.122944
250,0.103989
251,0.121327
252,0.923574
253,0.675695
254,0.423466
255,0.908132
256,0.662691
257,0.428603
258,0.879569
259,0.640855
260,0.435302
261,0.536357
262,0.299865
263,0.227271
264,0.183016
265,0.179535
266,0.173271
267,0.258150
268,0.209322
269,0.161037
270,0.064988
271,0.055923
272,0.050111
273,0.027576
274,0.030732
275,0.033955
276,0.022224
277,0.027378
278,0.030789
279,0.418087
280,0.355945
281,0.282868
282,0.242489
283,0.195214
284,0.151735
285,0.115645
286,0.100894
287,0.096087
288,0.312556
289,0.253576
290,0.196104
291,0.096905
292,0.079352
293,0.073742
294,0.079091
295,0.074362
296,0.068804
297,0.197092
298,0.201768
299,0.204951
300,0.171466
301,0.172260
302,0.179146
303,0.155891
304,0.155025
305,0.159116
306,0.841079
307,0.806304
308,0.771801
309,0.875230
310,0.839563
311,0.810310
312,0.917363
313,0.872202
314,0.834774
315,0.577301
316,0.519381
317,0.468054
318,0.336180
319,0.328630
320,0.318642
321,0.303496
322,0.276218
323,0.253063
324,0.092988
325,0.090417
326,0.094251
327,0.088792
328,0.085967
329,0.085851
330,0.083972
331,0.081050
332,0.077467
333,0.539884
334,0.460050
335,0.317087
336,0.500270
337,0.435467
338,0.301797
339,0.462463
340,0.411156
341,0.286176
342,0.282195
343,0.221423
344,0.190588
345,0.164966
346,0.163766
347,0.160082
348,0.182443
349,0.161041
350,0.141929
351,0.156147
352,0.141503
353,0.134942
354,0.140160
355,0.118663
356,0.103803
357,0.097425
358,0.087524
359,0.086150
360,0.883602
361,0.757301
362,0.660030
363,1.041395
364,0.946042
365,0.798720
366,0.921607
367,0.854646
368,0.735652
369,0.586264
370,0.446074
371,0.358828
372,0.245436
373,0.272630
374,0.226384
375,0.260429
376,0.199280
377,0.141864
378,0.090617
379,0.080461
380,0.069265
381,0.077776
382,0.064635
383,0.057343
384,0.063350
385,0.052717
386,0.049515
387,0.649071
388,0.469582
389,0.321808
390,0.632400
391,0.449607
392,0.270814
393,0.615124
394,0.409974
395,0.229061
396,0.362959
397,0.280416
398,0.186208
399,0.129732
400,0.115729
401,0.096455
402,0.187912
403,0.126914
404,0.081019
405,0.108730
406,0.110662
407,0.110810
408,0.089384
409,0.086710
410,0.083889
411,0.074729
412,0.071854
413,0.066730
414,0.507891
415,0.441962
416,0.366105
417,0.471395
418,0.426855
419,0.358481
420,0.375706
421,0.363987
422,0.273146
423,0.391467
424,0.327565
425,0.241593
426,0.175124
427,0.131872
428,0.104546
429,0.178477
430,0.138709
431,0.111877
432,0.117160
433,0.123795
434,0.132508
435,0.094703
436,0.097763
437,0.102721
438,0.074128
439,0.078748
440,0.083297
441,0.449835
442,0.436249
443,0.408514
444,0.426937
445,0.405805
446,0.391224
447,0.356084
448,0.352514
449,0.347313
450,0.255125
451,0.250907
452,0.254024
453,0.213514
454,0.204552
455,0.190811
456,0.148734
457,0.145528
458,0.140314
459,0.093824
460,0.096631
461,0.096601
462,0.067174
463,0.068507
464,0.069851
465,0.059128
466,0.060197
467,0.062800
468,0.405354
469,0.369124
470,0.339631
471,0.324633
472,0.303110
473,0.280620
474,0.258388
475,0.236216
476,0.223147
477,0.287782
478,0.280118
479,0.261177
480,0.159396
481,0.132733
482,0.109524
483,0.098884
484,0.095335
485,0.091968
486,0.108267
487,0.106445
488,0.107711
489,0.097216
490,0.088386
491,0.086163
492,0.080441
493,0.075140
494,0.071258
495,0.475494
496,0.377247
497,0.308945
498,0.458044
499,0.387190
500,0.313870
501,0.410483
502,0.349130
503,0.301749
504,0.325250
505,0.282863
506,0.244749
507,0.234887
508,0.200567
509,0.172059
510,0.194702
511,0.167917
512,0.146538
513,0.092907
514,0.080782
515,0.081387
516,0.060855
517,0.060292
518,0.058312
519,0.053005
520,0.053284
521,0.052188
522,0.353414
523,0.311955
524,0.282786
525,0.256647
526,0.237872
527,0.237220
528,0.148068
529,0.137261
530,0.124111
531,0.246171
532,0.194342
533,0.171818
534,0.103459
535,0.092777
536,0.080469
537,0.100288
538,0.083386
539,0.071879
540,0.100191
541,0.101199
542,0.101696
543,0.093084
544,0.091898
545,0.091239
546,0.086604
547,0.083142
548,0.080566
549,0.364432
550,0.357138
551,0.351056
552,0.347920
553,0.338931
554,0.330832
555,0.330301
556,0.319988
557,0.315410
558,0.279755
559,0.273809
560,0.271013
561,0.196667
562,0.184754
563,0.168481
564,0.144142
565,0.131391
566,0.124748
567,0.057774
568,0.056049
569,0.061850
570,0.054619
571,0.052797
572,0.055311
573,0.052246
574,0.051551
575,0.051887
576,0.283044
577,0.206732
578,0.164583
579,0.269875
580,0.176562
581,0.151728
582,0.247805
583,0.139471
584,0.133648
585,0.191483
586,0.150377
587,0.122971
588,0.093690
589,0.082581
590,0.072898
591,0.107640
592,0.079916
593,0.055537
594,0.107147
595,0.100361
596,0.097661
597,0.076636
598,0.070447
599,0.064547
600,0.056996
601,0.054932
602,0.051611
603,0.575952
604,0.532976
605,0.505838
606,0.641994
607,0.585628
608,0.522927
609,0.522391
610,0.449721
611,0.383520
612,0.340960
613,0.286252
614,0.266832
615,0.213306
616,0.209731
617,0.130797
618,0.146156
619,0.133829
620,0.123946
621,0.154516
622,0.151349
623,0.149549
624,0.119676
625,0.113347
626,0.105377
627,0.088912
628,0.077919
629,0.075077
630,0.930935
631,0.870877
632,0.776370
633,0.920476
634,0.883117
635,0.810308
636,0.821629
637,0.823148
638,0.748080
639,0.610697
640,0.507840
641,0.411353
642,0.282867
643,0.263003
644,0.238326
645,0.298593
646,0.265008
647,0.224353
648,0.083030
649,0.076909
650,0.079541
651,0.076830
652,0.067973
653,0.077229
654,0.072054
655,0.062463
656,0.072159
657,0.432572
658,0.330587
659,0.308268
660,0.403144
661,0.309738
662,0.315767
663,0.371948
664,0.283765
665,0.311449
666,0.287657
667,0.194080
668,0.168682
669,0.134294
670,0.132216
671,0.127706
672,0.150040
673,0.115979
674,0.113272
675,0.602837
676,0.596642
677,0.593977
678,0.505878
679,0.483327
680,0.464374
681,0.398199
682,0.383391
683,0.380300
684,1.920467
685,1.821591
686,1.733934
687,1.935690
688,1.850455
689,1.768209
690,1.777084
691,1.704029
692,1.589700
693,1.593851
694,1.494044
695,1.367769
696,0.809836
697,0.834578
698,0.831732
699,0.710541
700,0.644807
701,0.587989
702,0.076873
703,0.064844
704,0.063368
705,0.047567
706,0.045364
707,0.040948
708,0.041439
709,0.040557
710,0.039195
711,0.313431
712,0.224490
713,0.188667
714,0.143993
715,0.119989
716,0.109953
717,0.094132
718,0.075144
719,0.083450
720,0.211421
721,0.158689
722,0.125124
723,0.109618
724,0.073589
725,0.064301
726,0.073756
727,0.060838
728,0.047702
729,0.092858
730,0.096075
731,0.094598
732,0.044483
733,0.050970
734,0.059838
735,0.041195
736,0.043568
737,0.056182
738,0.488748
739,0.409619
740,0.314871
741,0.261903
742,0.232279
743,0.185395
744,0.150339
745,0.126937
746,0.108120
747,0.377115
748,0.276822
749,0.195143
750,0.118126
751,0.081595
752,0.061740
753,0.057047
754,0.054446
755,0.053764
756,0.112344
757,0.111460
758,0.111061
759,0.079124
760,0.076712
761,0.074203
762,0.056366
763,0.054823
764,0.053977
765,0.616835
766,0.563612
767,0.521414
768,0.732461
769,0.676068
770,0.626115
771,0.592214
772,0.581360
773,0.558920
774,0.167055
775,0.150721
776,0.138477
777,0.122170
778,0.160236
779,0.147868
780,0.132627
781,0.126492
782,0.120997
783,0.094477
784,0.092537
785,0.071559
786,0.050809
787,0.049348
788,0.047603
789,0.040720
790,0.045474
791,0.045693
792,0.619761
793,0.457244
794,0.327669
795,0.437809
796,0.291243
797,0.252844
798,0.265999
799,0.211737
800,0.225428
801,0.353083
802,0.200920
803,0.152916
804,0.106163
805,0.086577
806,0.081794
807,0.118394
808,0.083763
809,0.059790
810,0.106413
811,0.097714
812,0.082740
813,0.075831
814,0.060944
815,0.052615
816,0.056969
817,0.049352
818,0.043949
819,0.450405
820,0.372983
821,0.303450
822,0.442759
823,0.354839
824,0.272016
825,0.434453
826,0.299795
827,0.235907
828,0.288623
829,0.230178
830,0.188990
831,0.139740
832,0.122212
833,0.111961
834,0.132641
835,0.107138
836,0.087585
837,0.898539
838,0.847564
839,0.805675
840,0.611701
841,0.557934
842,0.496304
843,0.422838
844,0.379248
845,0.357080
846,2.125917
847,2.043878
848,1.949949
849,2.025811
850,1.978285
851,1.911635
852,1.932566
853,1.871266
854,1.735239
855,1.832443
856,1.670647
857,1.516956
858,0.866028
859,0.909706
860,0.942599
861,0.779785
862,0.713160
863,0.642567
864,0.113853
865,0.117571
866,0.116866
867,0.072158
868,0.068231
869,0.063052
870,0.050167
871,0.050310
872,0.050891
873,0.402209
874,0.409236
875,0.404345
876,0.267793
877,0.301039
878,0.290273
879,0.146971
880,0.183846
881,0.180207
882,0.280647
883,0.265210
884,0.249055
885,0.202499
886,0.126813
887,0.089409
888,0.086338
889,0.080857
890,0.077285
891,0.133665
892,0.121153
893,0.129868
894,0.120525
895,0.109815
896,0.117868
897,0.107877
898,0.097590
899,0.105385
900,0.711354
901,0.422259
902,0.307619
903,0.669566
904,0.446137
905,0.306661
906,0.631989
907,0.442623
908,0.301614
909,0.387821
910,0.241159
911,0.202527
912,0.183300
913,0.181939
914,0.173726
915,0.251976
916,0.188783
917,0.153651
918,0.112959
919,0.112680
920,0.111812
921,0.077134
922,0.077836
923,0.077707
924,0.061572
925,0.060305
926,0.058272
927,0.577166
928,0.585328
929,0.595188
930,0.493665
931,0.473739
932,0.427557
933,0.321067
934,0.277435
935,0.244156
936,0.446933
937,0.416309
938,0.382379
939,0.304806
940,0.227800
941,0.126404
942,0.146381
943,0.136264
944,0.126684
945,0.065351
946,0.064636
947,0.067140
948,0.053643
949,0.053120
950,0.054916
951,0.051108
952,0.051454
953,0.050358
954,0.262008
955,0.239176
956,0.227005
957,0.203031
958,0.183872
959,0.175163
960,0.139123
961,0.147062
962,0.145686
963,0.241357
964,0.193985
965,0.156489
966,0.110128
967,0.070904
968,0.055294
969,0.079665
970,0.063015
971,0.049864
972,0.171569
973,0.176237
974,0.182325
975,0.104887
976,0.103766
977,0.113721
978,0.064695
979,0.066097
980,0.067270
981,0.940061
982,0.895070
983,0.850203
984,0.716426
985,0.730761
986,0.731900
987,0.496050
988,0.492744
989,0.485659
990,0.737861
991,0.687347
992,0.655289
993,0.367003
994,0.335808
995,0.217007
996,0.213893
997,0.199036
998,0.181700
999,0.125632
1000,0.103719
1001,0.103697
1002,0.073493
1003,0.055219
1004,0.048716
1005,0.038480
1006,0.036695
1007,0.039558
1008,0.387255
1009,0.270336
1010,0.215061
1011,0.361279
1012,0.246232
1013,0.164951
1014,0.265561
1015,0.157605
1016,0.114457
1017,0.265309
1018,0.220948
1019,0.170621
1020,0.127818
1021,0.094115
1022,0.071970
1023,0.105294
1024,0.080964
1025,0.068884
1026,0.128595
1027,0.121417
1028,0.114576
1029,0.093270
1030,0.085700
1031,0.083440
1032,0.067796
1033,0.063761
1034,0.061910
1035,0.880379
1036,0.819369
1037,0.749982
1038,0.901949
1039,0.853904
1040,0.782470
1041,0.819327
1042,0.775899
1043,0.719953
1044,0.544785
1045,0.461293
1046,0.394036
1047,0.235945
1048,0.229134
1049,0.196143
1050,0.221832
1051,0.188063
1052,0.168663
1053,0.076864
1054,0.076004
1055,0.071426
1056,0.055793
1057,0.053984
1058,0.053211
1059,0.050570
1060,0.050794
1061,0.051559
1062,0.363309
1063,0.347670
1064,0.299893
1065,0.222831
1066,0.213932
1067,0.198637
1068,0.179720
1069,0.168268
1070,0.158637
1071,0.273120
1072,0.243796
1073,0.217704
1074,0.164976
1075,0.107253
1076,0.070553
1077,0.081742
1078,0.079638
1079,0.074733
1080,0.063238
1081,0.049264
1082,0.049289
1083,0.045054
1084,0.040140
1085,0.044333
1086,0.037602
1087,0.038320
1088,0.041064
1089,0.289202
1090,0.279419
1091,0.224879
1092,0.253401
1093,0.236573
1094,0.198810
1095,0.231755
1096,0.209586
1097,0.177454
1098,0.224166
1099,0.174481
1100,0.141859
1101,0.096429
1102,0.082637
1103,0.073629
1104,0.068195
1105,0.065675
1106,0.061239
1107,0.257722
1108,0.256702
1109,0.257243
1110,0.219380
1111,0.210843
1112,0.208261
1113,0.181773
1114,0.188224
1115,0.191691
1116,0.917849
1117,0.867740
1118,0.823164
1119,0.800110
1120,0.786033
1121,0.746635
1122,0.617622
1123,0.622617
1124,0.634003
1125,0.849576
1126,0.790494
1127,0.746963
1128,0.546465
1129,0.451156
1130,0.417149
1131,0.402421
1132,0.388344
1133,0.381624
1134,0.159724
1135,0.153773
1136,0.167646
1137,0.135747
1138,0.130574
1139,0.141854
1140,0.115009
1141,0.112768
1142,0.117000
1143,0.778716
1144,0.582325
1145,0.430382
1146,0.767937
1147,0.587142
1148,0.389223
1149,0.703535
1150,0.521447
1151,0.347922
1152,0.383267
1153,0.305357
1154,0.268196
1155,0.192973
1156,0.193098
1157,0.190197
1158,0.270325
1159,0.212791
1160,0.165791
1161,0.080818
1162,0.074535
1163,0.069694
1164,0.069931
1165,0.063506
1166,0.061099
1167,0.057437
1168,0.054529
1169,0.056086
1170,0.279084
1171,0.248170
1172,0.216214
1173,0.232334
1174,0.210243
1175,0.195768
1176,0.204483
1177,0.188703
1178,0.177682
1179,0.202628
1180,0.183759
1181,0.168198
1182,0.140556
1183,0.125940
1184,0.111300
1185,0.105987
1186,0.099287
1187,0.093513
1188,0.121599
1189,0.108866
1190,0.107675
1191,0.098891
1192,0.090065
1193,0.090003
1194,0.085307
1195,0.076693
1196,0.072239
1197,0.690960
1198,0.587905
1199,0.476462
1200,0.713721
1201,0.628707
1202,0.551146
1203,0.634988
1204,0.569152
1205,0.458059
1206,0.538328
1207,0.437942
1208,0.355728
1209,0.275917
1210,0.236978
1211,0.180535
1212,0.198186
1213,0.174867
1214,0.146749
1215,0.098957
1216,0.100213
1217,0.112198
1218,0.082737
1219,0.083845
1220,0.090229
1221,0.067573
1222,0.068055
1223,0.074680
1224,0.549042
1225,0.470200
1226,0.328995
1227,0.534692
1228,0.424366
1229,0.289105
1230,0.501331
1231,0.366965
1232,0.257158
1233,0.369897
1234,0.251368
1235,0.184107
1236,0.140578
1237,0.121355
1238,0.102331
1239,0.169736
1240,0.141010
1241,0.104859
1242,0.139810
1243,0.140902
1244,0.142486
1245,0.103905
1246,0.105157
1247,0.106643
1248,0.084556
1249,0.084431
1250,0.084995
1251,0.484864
1252,0.465894
1253,0.457386
1254,0.358685
1255,0.346968
1256,0.337131
1257,0.281919
1258,0.286475
1259,0.290377
1260,0.393495
1261,0.379275
1262,0.361874
1263,0.301567
1264,0.230635
1265,0.190920
1266,0.202219
1267,0.199502
1268,0.195943
1269,0.100739
1270,0.097348
1271,0.095028
1272,0.072707
1273,0.071896
1274,0.066516
1275,0.055204
1276,0.052497
1277,0.053250
1278,0.275888
1279,0.265060
1280,0.248849
1281,0.285977
1282,0.241286
1283,0.205043
1284,0.240796
1285,0.206361
1286,0.177320
1287,0.183226
1288,0.161804
1289,0.158859
1290,0.114500
1291,0.103897
1292,0.101395
1293,0.096040
1294,0.086082
1295,0.087954
1296,0.058773
1297,0.061894
1298,0.057272
1299,0.047601
1300,0.050353
1301,0.054015
1302,0.044644
1303,0.047092
1304,0.050979
1305,0.257209
1306,0.247717
1307,0.222053
1308,0.211992
1309,0.206933
1310,0.181633
1311,0.169070
1312,0.167930
1313,0.145479
1314,0.179563
1315,0.146713
1316,0.141804
1317,0.089360
1318,0.076887
1319,0.066916
1320,0.073371
1321,0.062267
1322,0.056821
1323,0.078360
1324,0.068359
1325,0.062384
1326,0.058336
1327,0.051919
1328,0.050459
1329,0.048897
1330,0.049950
1331,0.048444
1332,0.311901
1333,0.244705
1334,0.195611
1335,0.251132
1336,0.212415
1337,0.172852
1338,0.216334
1339,0.198549
1340,0.167655
1341,0.181294
1342,0.151466
1343,0.131072
1344,0.101977
1345,0.102427
1346,0.098709
1347,0.105624
1348,0.087450
1349,0.075705
1350,0.214330
1351,0.209232
1352,0.211128
1353,0.164296
1354,0.161928
1355,0.168632
1356,0.129548
1357,0.129685
1358,0.131009
1359,1.054895
1360,1.046128
1361,1.008315
1362,0.943217
1363,0.914981
1364,0.864694
1365,0.731965
1366,0.678227
1367,0.615604
1368,0.867382
1369,0.742175
1370,0.629447
1371,0.391721
1372,0.363131
1373,0.236570
1374,0.278317
1375,0.254370
1376,0.208936
1377,0.133119
1378,0.137736
1379,0.149467
1380,0.100660
1381,0.103615
1382,0.106189
1383,0.076711
1384,0.077509
1385,0.080204
1386,0.430463
1387,0.408140
1388,0.375274
1389,0.440859
1390,0.399199
1391,0.355888
1392,0.411921
1393,0.345590
1394,0.289867
1395,0.315527
1396,0.300092
1397,0.284441
1398,0.213092
1399,0.180564
1400,0.148247
1401,0.161938
1402,0.144945
1403,0.125228
1404,0.118415
1405,0.116626
1406,0.116754
1407,0.104769
1408,0.104010
1409,0.106081
1410,0.096479
1411,0.098611
1412,0.099125
1413,0.667384
1414,0.642923
1415,0.618385
1416,0.658908
1417,0.633002
1418,0.608727
1419,0.626876
1420,0.605295
1421,0.579883
1422,0.543547
1423,0.478556
1424,0.430504
1425,0.290921
1426,0.287680
1427,0.273915
1428,0.260219
1429,0.244936
1430,0.228353
1431,0.089948
1432,0.090667
1433,0.092446
1434,0.072228
1435,0.071348
1436,0.070602
1437,0.066194
1438,0.063336
1439,0.061168
1440,0.258020
1441,0.216214
1442,0.191470
1443,0.304453
1444,0.248344
1445,0.199153
1446,0.319547
1447,0.305553
1448,0.273777
1449,0.219532
1450,0.194822
1451,0.175738
1452,0.165412
1453,0.129910
1454,0.123352
1455,0.123696
1456,0.114208
1457,0.110159
1458,0.080565
1459,0.088107
1460,0.101944
1461,0.052649
1462,0.059901
1463,0.059624
1464,0.045961
1465,0.050985
1466,0.051283
1467,0.663843
1468,0.566486
1469,0.453812
1470,0.595525
1471,0.498234
1472,0.381746
1473,0.329993
1474,0.358134
1475,0.275508
1476,0.433673
1477,0.295528
1478,0.223946
1479,0.148792
1480,0.102289
1481,0.082977
1482,0.109224
1483,0.090791
1484,0.072448
1485,0.117940
1486,0.114269
1487,0.102845
1488,0.087956
1489,0.068490
1490,0.067120
1491,0.060262
1492,0.049365
1493,0.048600
1494,0.791900
1495,0.615277
1496,0.423560
1497,0.733135
1498,0.538076
1499,0.320977
1500,0.566372
1501,0.327201
1502,0.187214
1503,0.446771
1504,0.291943
1505,0.197554
1506,0.126787
1507,0.094122
1508,0.076309
1509,0.138261
1510,0.104348
1511,0.070659
1512,0.154953
1513,0.140294
1514,0.125787
1515,0.148789
1516,0.132226
1517,0.120274
1518,0.142082
1519,0.123768
1520,0.114785
1521,0.911386
1522,0.771430
1523,0.616542
1524,0.925537
1525,0.813702
1526,0.663428
1527,0.937784
1528,0.845885
1529,0.713099
1530,0.512856
1531,0.430779
1532,0.341272
1533,0.277526
1534,0.270462
1535,0.264234
1536,0.321779
1537,0.282588
1538,0.240839
1539,0.087857
1540,0.076357
1541,0.059633
1542,0.068350
1543,0.053553
1544,0.047801
1545,0.047936
1546,0.042592
1547,0.040227
1548,0.516982
1549,0.427964
1550,0.344505
1551,0.479012
1552,0.369311
1553,0.301808
1554,0.435131
1555,0.298479
1556,0.250665
1557,0.361410
1558,0.254010
1559,0.175425
1560,0.124102
1561,0.114168
1562,0.104194
1563,0.118073
1564,0.102521
1565,0.086907
1566,0.140997
1567,0.131489
1568,0.133975
1569,0.121919
1570,0.118791
1571,0.110619
1572,0.104994
1573,0.100736
1574,0.094176
1575,0.729372
1576,0.525037
1577,0.399452
1578,0.771588
1579,0.558040
1580,0.375112
1581,0.698534
1582,0.529542
1583,0.362221
1584,0.362336
1585,0.297711
1586,0.253512
1587,0.182803
1588,0.155598
1589,0.141845
1590,0.224324
1591,0.164061
1592,0.118987
1593,0.127505
1594,0.112984
1595,0.140860
1596,0.085946
1597,0.079488
1598,0.092734
1599,0.066721
1600,0.071488
1601,0.083764
1602,0.786780
1603,0.501744
1604,0.306789
1605,0.839927
1606,0.570184
1607,0.336959
1608,0.740446
1609,0.598311
1610,0.346983
1611,0.519950
1612,0.319994
1613,0.204344
1614,0.183734
1615,0.124191
1616,0.096503
1617,0.273594
1618,0.156613
1619,0.082634
1620,0.117706
1621,0.113534
1622,0.109268
1623,0.066605
1624,0.065346
1625,0.058852
1626,0.048605
1627,0.047256
1628,0.045428
1629,0.538428
1630,0.446656
1631,0.360519
1632,0.355465
1633,0.328094
1634,0.249239
1635,0.162872
1636,0.127733
1637,0.099610
1638,0.294920
1639,0.266024
1640,0.224180
1641,0.183834
1642,0.124337
1643,0.073762
1644,0.099579
1645,0.082507
1646,0.065576
1647,0.091662
1648,0.091219
1649,0.090182
1650,0.083108
1651,0.083322
1652,0.082992
1653,0.078860
1654,0.078819
1655,0.077992
1656,0.354115
1657,0.333374
1658,0.317885
1659,0.352572
1660,0.327210
1661,0.313778
1662,0.345724
1663,0.324769
1664,0.306884
1665,0.220674
1666,0.210840
1667,0.199774
1668,0.168399
1669,0.160469
1670,0.157349
1671,0.161897
1672,0.158197
1673,0.154569
1674,0.143286
1675,0.133232
1676,0.129389
1677,0.064937
1678,0.067908
1679,0.069310
1680,0.037035
1681,0.040688
1682,0.044748
1683,0.507870
1684,0.495616
1685,0.488174
1686,0.280424
1687,0.251175
1688,0.264911
1689,0.211866
1690,0.203748
1691,0.198008
1692,0.452654
1693,0.385091
1694,0.316640
1695,0.202580
1696,0.119668
1697,0.065639
1698,0.078720
1699,0.067074
1700,0.054052
1701,0.099602
1702,0.096578
1703,0.094487
1704,0.082746
1705,0.081698
1706,0.081538
1707,0.071981
1708,0.071077
1709,0.069410
1710,0.443811
1711,0.411626
1712,0.379902
1713,0.397527
1714,0.377674
1715,0.348372
1716,0.365442
1717,0.348264
1718,0.318062
1719,0.302497
1720,0.259538
1721,0.234890
1722,0.209710
1723,0.181238
1724,0.157819
1725,0.185849
1726,0.171644
1727,0.157310
1728,0.123880
1729,0.116962
1730,0.119440
1731,0.104936
1732,0.099964
1733,0.090263
1734,0.083874
1735,0.076711
1736,0.069525
1737,0.643287
1738,0.537045
1739,0.428643
1740,0.616759
1741,0.518297
1742,0.427520
1743,0.564793
1744,0.462720
1745,0.393360
1746,0.440760
1747,0.333097
1748,0.261599
1749,0.236197
1750,0.198342
1751,0.170799
1752,0.192524
1753,0.173622
1754,0.157071
1755,0.077696
1756,0.080548
1757,0.077136
1758,0.054141
1759,0.055941
1760,0.055334
1761,0.050147
1762,0.052786
1763,0.055037
1764,0.454961
1765,0.418032
1766,0.393260
1767,0.517545
1768,0.426861
1769,0.348057
1770,0.404215
1771,0.322231
1772,0.253995
1773,0.297108
1774,0.237018
1775,0.181542
1776,0.096969
1777,0.088632
1778,0.095592
1779,0.113365
1780,0.094190
1781,0.077559
1782,0.129082
1783,0.136850
1784,0.144783
1785,0.114390
1786,0.120485
1787,0.117925
1788,0.097094
1789,0.099033
1790,0.096770
1791,0.606824
1792,0.568429
1793,0.500681
1794,0.530412
1795,0.487550
1796,0.418832
1797,0.432390
1798,0.413587
1799,0.349725
1800,0.486572
1801,0.439904
1802,0.329791
1803,0.209091
1804,0.184071
1805,0.167116
1806,0.259484
1807,0.191622
1808,0.156675
1809,0.074291
1810,0.071858
1811,0.071289
1812,0.053137
1813,0.050538
1814,0.052501
1815,0.042450
1816,0.048405
1817,0.048803
1818,0.584581
1819,0.504654
1820,0.382672
1821,0.562305
1822,0.471949
1823,0.314206
1824,0.460074
1825,0.373149
1826,0.229148
1827,0.302232
1828,0.208673
1829,0.164447
1830,0.105017
1831,0.084853
1832,0.063469
1833,0.099726
1834,0.073586
1835,0.056743
1836,0.102207
1837,0.087074
1838,0.078221
1839,0.082024
1840,0.070148
1841,0.063914
1842,0.064078
1843,0.057351
1844,0.057034
1845,0.381949
1846,0.315177
1847,0.275250
1848,0.279340
1849,0.241264
1850,0.225757
1851,0.194803
1852,0.202922
1853,0.192642
1854,0.298219
1855,0.231228
1856,0.200570
1857,0.144514
1858,0.120135
1859,0.102508
1860,0.133206
1861,0.118585
1862,0.107413
1863,0.149151
1864,0.128208
1865,0.149243
1866,0.115215
1867,0.085263
1868,0.086413
1869,0.069745
1870,0.061166
1871,0.057509
1872,0.933402
1873,0.666817
1874,0.492714
1875,0.844363
1876,0.600709
1877,0.412626
1878,0.546386
1879,0.432483
1880,0.277410
1881,0.726953
1882,0.451612
1883,0.260052
1884,0.168877
1885,0.123033
1886,0.109092
1887,0.155340
1888,0.106826
1889,0.096211
1890,0.063047
1891,0.063759
1892,0.058788
1893,0.061660
1894,0.061821
1895,0.058565
1896,0.059356
1897,0.061131
1898,0.059661
1899,0.328747
1900,0.251751
1901,0.160337
1902,0.309078
1903,0.221673
1904,0.148257
1905,0.220044
1906,0.177369
1907,0.145999
1908,0.179884
1909,0.141443
1910,0.116934
1911,0.081907
1912,0.088547
1913,0.085899
1914,0.115841
1915,0.089575
1916,0.073135
1917,0.204094
1918,0.197766
1919,0.204864
1920,0.167274
1921,0.157713
1922,0.149643
1923,0.143582
1924,0.130049
1925,0.118970
1926,0.891741
1927,0.744974
1928,0.619219
1929,0.751103
1930,0.668427
1931,0.577944
1932,0.676211
1933,0.599131
1934,0.517707
1935,0.691146
1936,0.522086
1937,0.415548
1938,0.256709
1939,0.253446
1940,0.255728
1941,0.271985
1942,0.211665
1943,0.172341
1944,0.096479
1945,0.098896
1946,0.100880
1947,0.065315
1948,0.066728
1949,0.067102
1950,0.057739
1951,0.058799
1952,0.058940
1953,0.315379
1954,0.304700
1955,0.293714
1956,0.247293
1957,0.247550
1958,0.237665
1959,0.186268
1960,0.181101
1961,0.187230
1962,0.222521
1963,0.212983
1964,0.205535
1965,0.169107
1966,0.152068
1967,0.113536
1968,0.114170
1969,0.108660
1970,0.105475
1971,0.198672
1972,0.189816
1973,0.185896
1974,0.186579
1975,0.178044
1976,0.175267
1977,0.177550
1978,0.167686
1979,0.163523
1980,1.045289
1981,0.973894
1982,0.897467
1983,1.054548
1984,0.970185
1985,0.879310
1986,1.015776
1987,0.931998
1988,0.822941
1989,0.702489
1990,0.626644
1991,0.569663
1992,0.347717
1993,0.351138
1994,0.354324
1995,0.354785
1996,0.319024
1997,0.280526
1998,0.168331
1999,0.171231
2000,0.173550
2001,0.157198
2002,0.157603
2003,0.159400
2004,0.148032
2005,0.149351
2006,0.149358
2007,1.038661
2008,1.035406
2009,1.033078
2010,0.987366
2011,0.989974
2012,0.990076
2013,0.938865
2014,0.937808
2015,0.939197
2016,0.715906
2017,0.690369
2018,0.665954
2019,0.402827
2020,0.402185
2021,0.399851
2022,0.355867
2023,0.336047
2024,0.315731
2025,0.157572
2026,0.154468
2027,0.149527
2028,0.119320
2029,0.122716
2030,0.126134
2031,0.096007
2032,0.099532
2033,0.101911
2034,0.707988
2035,0.660059
2036,0.590415
2037,0.589349
2038,0.553898
2039,0.534251
2040,0.464184
2041,0.455391
2042,0.456564
2043,0.537002
2044,0.504630
2045,0.471666
2046,0.349379
2047,0.345792
2048,0.300232
2049,0.324436
2050,0.280874
2051,0.242172
2052,0.103263
2053,0.154245
2054,0.175854
2055,0.068396
2056,0.077908
2057,0.074326
2058,0.049312
2059,0.051434
2060,0.046087
2061,0.401739
2062,0.334106
2063,0.249483
2064,0.293837
2065,0.257867
2066,0.221865
2067,0.190486
2068,0.173936
2069,0.129833
2070,0.338661
2071,0.266368
2072,0.209474
2073,0.179589
2074,0.121009
2075,0.093876
2076,0.115953
2077,0.101618
2078,0.084529
2079,0.060739
2080,0.059183
2081,0.057144
2082,0.057311
2083,0.056288
2084,0.054563
2085,0.055268
2086,0.053753
2087,0.051247
2088,0.256883
2089,0.240624
2090,0.221890
2091,0.250547
2092,0.230199
2093,0.216782
2094,0.242180
2095,0.216793
2096,0.204434
2097,0.202481
2098,0.183053
2099,0.167341
2100,0.148620
2101,0.137003
2102,0.122166
2103,0.132180
2104,0.118985
2105,0.106431
2106,0.117169
2107,0.118868
2108,0.121299
2109,0.091614
2110,0.093410
2111,0.096000
2112,0.080400
2113,0.081170
2114,0.082091
2115,0.526115
2116,0.518014
2117,0.501102
2118,0.432549
2119,0.425849
2120,0.408163
2121,0.368107
2122,0.365822
2123,0.366160
2124,0.556467
2125,0.536289
2126,0.516921
2127,0.443308
2128,0.402892
2129,0.359556
2130,0.300483
2131,0.291260
2132,0.283252
2133,0.152293
2134,0.143474
2135,0.150860
2136,0.144460
2137,0.129438
2138,0.123016
2139,0.139667
2140,0.119547
2141,0.113805
2142,0.786010
2143,0.597504
2144,0.419740
2145,0.850619
2146,0.672967
2147,0.490204
2148,0.904959
2149,0.733835
2150,0.579506
2151,0.403068
2152,0.288999
2153,0.218477
2154,0.201910
2155,0.199538
2156,0.188944
2157,0.221876
2158,0.198331
2159,0.175844
2160,0.152758
2161,0.150001
2162,0.145472
2163,0.079015
2164,0.073638
2165,0.070380
2166,0.059241
2167,0.057200
2168,0.054992
2169,0.692656
2170,0.623512
2171,0.549403
2172,0.563124
2173,0.517220
2174,0.465031
2175,0.323201
2176,0.294047
2177,0.277483
2178,0.348380
2179,0.323363
2180,0.299299
2181,0.253401
2182,0.194248
2183,0.133195
2184,0.143883
2185,0.128119
2186,0.115963
2187,0.083678
2188,0.074092
2189,0.065340
2190,0.065719
2191,0.058935
2192,0.051024
2193,0.056261
2194,0.050396
2195,0.043837
2196,0.287141
2197,0.242704
2198,0.209012
2199,0.215924
2200,0.160555
2201,0.132065
2202,0.182618
2203,0.125789
2204,0.112768
2205,0.196400
2206,0.161143
2207,0.140328
2208,0.127746
2209,0.105077
2210,0.081141
2211,0.098687
2212,0.083892
2213,0.070892
2214,0.113101
2215,0.112657
2216,0.120133
2217,0.099545
2218,0.093437
2219,0.099796
2220,0.079149
2221,0.076042
2222,0.081008
2223,0.519606
2224,0.439152
2225,0.374670
2226,0.497798
2227,0.418413
2228,0.333649
2229,0.450060
2230,0.373371
2231,0.299822
2232,0.307976
2233,0.277293
2234,0.239418
2235,0.192273
2236,0.176878
2237,0.160638
2238,0.178038
2239,0.143966
2240,0.109880
2241,0.086411
2242,0.085363
2243,0.087128
2244,0.080940
2245,0.075449
2246,0.078330
2247,0.074362
2248,0.068439
2249,0.068991
2250,0.372061
2251,0.389781
2252,0.346873
2253,0.339982
2254,0.361808
2255,0.335168
2256,0.320440
2257,0.333334
2258,0.319979
2259,0.310331
2260,0.264139
2261,0.244938
2262,0.200982
2263,0.198466
2264,0.175286
2265,0.197205
2266,0.174407
2267,0.157566
2268,0.161861
2269,0.157343
2270,0.156138
2271,0.130965
2272,0.125832
2273,0.120684
2274,0.104813
2275,0.099935
2276,0.096402
2277,1.074642
2278,1.008046
2279,0.944406
2280,1.126887
2281,1.054956
2282,0.971590
2283,0.975751
2284,0.914326
2285,0.866082
2286,0.625189
2287,0.564178
2288,0.503776
2289,0.299673
2290,0.268353
2291,0.245690
2292,0.203847
2293,0.194701
2294,0.187338
2295,0.186788
2296,0.179397
2297,0.181978
2298,0.177577
2299,0.174591
2300,0.182301
2301,0.169497
2302,0.169788
2303,0.181097
2304,1.067282
2305,0.955914
2306,0.827709
2307,1.044436
2308,0.942139
2309,0.810940
2310,1.014088
2311,0.923686
2312,0.791637
2313,0.890098
2314,0.668248
2315,0.473412
2316,0.321384
2317,0.309323
2318,0.287381
2319,0.374041
2320,0.300176
2321,0.220601
2322,0.145337
2323,0.155009
2324,0.172927
2325,0.128695
2326,0.142132
2327,0.154492
2328,0.116401
2329,0.129106
2330,0.131542
2331,0.556891
2332,0.578954
2333,0.549066
2334,0.504914
2335,0.544806
2336,0.508804
2337,0.464182
2338,0.494570
2339,0.465261
2340,0.591984
2341,0.495814
2342,0.395926
2343,0.264563
2344,0.236894
2345,0.214106
2346,0.319990
2347,0.251850
2348,0.196521
2349,0.238050
2350,0.230751
2351,0.304001
2352,0.202257
2353,0.201869
2354,0.258429
2355,0.182140
2356,0.187797
2357,0.209960
2358,1.490874
2359,1.410437
2360,1.247859
2361,1.451974
2362,1.374910
2363,1.203533
2364,1.409239
2365,1.338870
2366,1.152195
2367,1.272043
2368,1.135387
2369,0.865616
2370,0.490804
2371,0.458712
2372,0.425885
2373,0.419308
2374,0.376636
2375,0.318661
2376,0.171676
2377,0.174905
2378,0.183881
2379,0.160088
2380,0.162734
2381,0.161816
2382,0.147985
2383,0.143800
2384,0.137318
2385,1.051418
2386,0.883162
2387,0.677769
2388,1.050392
2389,0.890428
2390,0.691325
2391,1.043608
2392,0.868488
2393,0.651630
2394,0.632846
2395,0.455195
2396,0.354589
2397,0.243019
2398,0.213450
2399,0.182484
2400,0.252602
2401,0.203886
2402,0.160369
2403,0.141384
2404,0.147347
2405,0.137414
2406,0.129312
2407,0.132773
2408,0.126663
2409,0.119269
2410,0.118879
2411,0.115843
2412,0.735283
2413,0.575654
2414,0.436146
2415,0.677620
2416,0.548393
2417,0.414728
2418,0.626840
2419,0.519739
2420,0.392017
2421,0.677130
2422,0.497279
2423,0.322311
2424,0.203385
2425,0.185613
2426,0.173939
2427,0.315254
2428,0.213439
2429,0.171991
2430,0.129576
2431,0.126472
2432,0.125544
2433,0.117911
2434,0.117845
2435,0.120025
2436,0.113300
2437,0.111268
2438,0.115138
2439,0.804029
2440,0.777358
2441,0.771230
2442,0.826425
2443,0.827282
2444,0.810780
2445,0.765513
2446,0.769712
2447,0.779983
2448,0.462793
2449,0.439616
2450,0.422563
2451,0.309731
2452,0.312043
2453,0.308868
2454,0.290584
2455,0.278214
2456,0.264817
2457,0.169104
2458,0.175907
2459,0.183623
2460,0.126647
2461,0.131579
2462,0.138057
2463,0.089339
2464,0.092544
2465,0.097355
2466,0.600830
2467,0.578913
2468,0.522180
2469,0.550204
2470,0.509906
2471,0.461961
2472,0.497344
2473,0.451351
2474,0.411451
2475,0.532227
2476,0.490169
2477,0.431169
2478,0.325821
2479,0.291875
2480,0.277751
2481,0.274113
2482,0.266066
2483,0.257767
2484,0.082140
2485,0.064860
2486,0.057602
2487,0.051656
2488,0.046709
2489,0.049316
2490,0.039676
2491,0.040758
2492,0.044456
2493,0.349926
2494,0.262803
2495,0.197913
2496,0.319228
2497,0.238454
2498,0.190257
2499,0.245588
2500,0.216257
2501,0.188628
2502,0.210190
2503,0.167812
2504,0.133593
2505,0.115124
2506,0.101002
2507,0.088917
2508,0.085305
2509,0.086859
2510,0.074337
2511,0.126646
2512,0.131580
2513,0.109116
2514,0.073912
2515,0.070719
2516,0.053890
2517,0.039930
2518,0.041295
2519,0.043148
2520,0.557301
2521,0.435878
2522,0.300267
2523,0.472365
2524,0.386427
2525,0.288770
2526,0.289513
2527,0.250038
2528,0.184099
2529,0.351832
2530,0.232865
2531,0.168004
2532,0.121321
2533,0.085278
2534,0.068642
2535,0.099333
2536,0.076496
2537,0.059676
2538,0.179745
2539,0.183598
2540,0.188966
2541,0.149311
2542,0.153047
2543,0.155202
2544,0.109124
2545,0.109342
2546,0.108824
2547,0.695495
2548,0.676046
2549,0.657710
2550,0.499978
2551,0.524093
2552,0.547756
2553,0.320725
2554,0.350280
2555,0.374638
2556,0.540233
2557,0.526915
2558,0.505657
2559,0.390445
2560,0.374494
2561,0.263946
2562,0.242940
2563,0.229981
2564,0.216193
2565,0.177308
2566,0.218384
2567,0.275010
2568,0.143092
2569,0.149621
2570,0.183656
2571,0.122523
2572,0.121299
2573,0.133437
2574,1.083030
2575,0.961569
2576,0.794116
2577,1.015851
2578,0.898598
2579,0.677504
2580,0.947289
2581,0.832822
2582,0.578312
2583,0.747859
2584,0.601810
2585,0.427092
2586,0.275755
2587,0.262795
2588,0.236285
2589,0.340337
2590,0.260715
2591,0.193763
2592,0.076474
2593,0.075179
2594,0.078430
2595,0.069786
2596,0.066917
2597,0.067556
2598,0.065103
2599,0.064019
2600,0.062495
2601,0.446213
2602,0.355746
2603,0.276813
2604,0.402315
2605,0.323820
2606,0.271755
2607,0.340454
2608,0.296344
2609,0.248320
2610,0.278834
2611,0.215950
2612,0.178363
2613,0.153709
2614,0.133831
2615,0.119824
2616,0.119946
2617,0.113672
2618,0.108943
2619,0.101048
2620,0.103740
2621,0.112368
2622,0.092674
2623,0.093512
2624,0.098173
2625,0.088848
2626,0.085491
2627,0.086105
2628,0.576705
2629,0.401997
2630,0.310938
2631,0.566994
2632,0.420814
2633,0.319090
2634,0.534413
2635,0.443194
2636,0.323316
2637,0.318894
2638,0.233027
2639,0.199093
2640,0.157675
2641,0.165917
2642,0.165036
2643,0.210430
2644,0.171025
2645,0.142781
2646,0.127527
2647,0.118866
2648,0.101569
2649,0.104415
2650,0.086712
2651,0.069060
2652,0.084924
2653,0.065980
2654,0.056228
2655,0.524107
2656,0.348082
2657,0.185347
2658,0.447284
2659,0.267547
2660,0.144524
2661,0.348934
2662,0.212095
2663,0.122554
2664,0.249526
2665,0.164616
2666,0.115284
2667,0.085654
2668,0.077955
2669,0.071690
2670,0.099718
2671,0.079554
2672,0.063512
2673,0.101415
2674,0.084243
2675,0.081304
2676,0.079822
2677,0.056443
2678,0.052300
2679,0.049859
2680,0.045013
2681,0.043306
2682,0.419526
2683,0.278117
2684,0.202913
2685,0.417246
2686,0.268404
2687,0.187918
2688,0.366352
2689,0.235189
2690,0.203143
2691,0.239136
2692,0.152015
2693,0.119509
2694,0.087691
2695,0.098558
2696,0.106814
2697,0.139857
2698,0.101511
2699,0.088209
2700,0.089136
2701,0.088989
2702,0.101001
2703,0.077482
2704,0.071985
2705,0.076395
2706,0.065163
2707,0.059178
2708,0.064699
2709,0.292228
2710,0.167346
2711,0.148552
2712,0.317451
2713,0.163855
2714,0.135361
2715,0.319987
2716,0.159331
2717,0.129470
2718,0.185934
2719,0.148280
2720,0.133451
2721,0.119809
2722,0.104703
2723,0.093299
2724,0.121694
2725,0.102533
2726,0.082586
2727,0.087583
2728,0.078724
2729,0.060116
2730,0.079597
2731,0.072173
2732,0.056616
2733,0.070213
2734,0.064317
2735,0.053540
2736,0.351242
2737,0.273714
2738,0.181088
2739,0.325371
2740,0.260633
2741,0.173856
2742,0.314057
2743,0.250504
2744,0.165459
2745,0.280027
2746,0.172210
2747,0.110883
2748,0.091935
2749,0.087896
2750,0.083100
2751,0.131153
2752,0.105703
2753,0.084224
2754,0.094060
2755,0.091663
2756,0.088861
2757,0.083226
2758,0.081464
2759,0.080002
2760,0.073960
2761,0.073089
2762,0.070998
2763,0.500690
2764,0.459504
2765,0.427128
2766,0.446324
2767,0.414339
2768,0.393184
2769,0.413314
2770,0.386925
2771,0.364187
2772,0.363259
2773,0.328322
2774,0.296439
2775,0.209065
2776,0.194717
2777,0.179738
2778,0.186144
2779,0.170155
2780,0.157542
2781,0.114028
2782,0.105186
2783,0.104153
2784,0.102651
2785,0.091437
2786,0.085951
2787,0.092107
2788,0.081338
2789,0.075303
2790,0.741911
2791,0.562736
2792,0.377531
2793,0.736346
2794,0.554990
2795,0.362266
2796,0.685422
2797,0.507219
2798,0.374409
2799,0.410982
2800,0.297881
2801,0.245008
2802,0.221533
2803,0.202691
2804,0.184380
2805,0.217548
2806,0.196386
2807,0.171567
2808,0.072861
2809,0.055215
2810,0.040857
2811,0.043702
2812,0.036836
2813,0.034754
2814,0.034923
2815,0.037794
2816,0.036314
2817,0.360815
2818,0.294940
2819,0.199623
2820,0.285590
2821,0.206995
2822,0.145539
2823,0.227751
2824,0.161973
2825,0.138325
2826,0.254690
2827,0.176922
2828,0.123899
2829,0.093810
2830,0.075159
2831,0.062867
2832,0.081217
2833,0.064251
2834,0.049337
2835,0.132325
2836,0.131868
2837,0.130800
2838,0.103076
2839,0.103786
2840,0.105686
2841,0.079810
2842,0.076774
2843,0.074610
2844,0.375677
2845,0.363808
2846,0.353235
2847,0.334821
2848,0.330287
2849,0.323654
2850,0.291341
2851,0.270608
2852,0.256638
2853,0.241029
2854,0.231371
2855,0.226016
2856,0.198859
2857,0.185993
2858,0.169496
2859,0.174670
2860,0.171826
2861,0.166162
2862,0.062751
2863,0.061539
2864,0.056218
2865,0.045093
2866,0.045767
2867,0.044869
2868,0.039146
2869,0.042819
2870,0.044956
2871,0.461163
2872,0.389101
2873,0.258682
2874,0.437494
2875,0.357422
2876,0.202920
2877,0.383219
2878,0.279578
2879,0.142650
2880,0.255072
2881,0.186151
2882,0.149871
2883,0.124550
2884,0.102073
2885,0.069851
2886,0.114212
2887,0.085766
2888,0.060291
2889,0.093142
2890,0.085038
2891,0.080274
2892,0.080365
2893,0.077036
2894,0.071267
2895,0.072352
2896,0.068716
2897,0.063601
2898,0.351175
2899,0.290370
2900,0.236091
2901,0.299652
2902,0.268118
2903,0.208563
2904,0.249274
2905,0.236083
2906,0.204006
2907,0.277499
2908,0.210878
2909,0.172965
2910,0.138710
2911,0.116440
2912,0.106016
2913,0.138969
2914,0.126697
2915,0.110230
2916,0.077970
2917,0.077229
2918,0.058906
2919,0.062797
2920,0.060845
2921,0.052372
2922,0.053793
2923,0.052538
2924,0.047150
2925,0.384653
2926,0.274307
2927,0.196535
2928,0.320310
2929,0.263032
2930,0.167853
2931,0.228897
2932,0.181917
2933,0.147773
2934,0.261227
2935,0.188489
2936,0.131694
2937,0.109161
2938,0.088619
2939,0.069974
2940,0.097435
2941,0.079244
2942,0.063954
2943,0.154391
2944,0.152524
2945,0.151173
2946,0.133041
2947,0.125656
2948,0.120252
2949,0.099481
2950,0.095807
2951,0.094587
2952,0.862258
2953,0.809438
2954,0.744533
2955,0.965956
2956,0.912140
2957,0.857170
2958,0.825280
2959,0.781795
2960,0.738333
2961,0.475193
2962,0.419369
2963,0.367554
2964,0.276864
2965,0.277802
2966,0.258967
2967,0.223716
2968,0.212653
2969,0.203874
2970,0.185068
2971,0.176565
2972,0.164409
2973,0.173350
2974,0.157986
2975,0.149719
2976,0.158701
2977,0.140978
2978,0.131546
2979,1.138514
2980,1.003730
2981,0.834977
2982,1.119937
2983,0.977834
2984,0.817287
2985,1.043684
2986,0.929735
2987,0.788934
2988,0.880208
2989,0.621201
2990,0.418104
2991,0.317744
2992,0.304300
2993,0.293923
2994,0.378085
2995,0.294183
2996,0.234519
2997,0.132812
2998,0.129556
2999,0.126869
3000,0.084068
3001,0.080538
3002,0.077887
3003,0.053971
3004,0.053790
3005,0.054195
3006,0.581928
3007,0.527850
3008,0.477084
3009,0.440053
3010,0.398263
3011,0.372167
3012,0.297768
3013,0.275102
3014,0.250195
3015,0.453010
3016,0.405960
3017,0.373485
3018,0.277247
3019,0.183516
3020,0.113119
3021,0.117738
3022,0.113028
3023,0.106982
3024,0.152430
3025,0.161239
3026,0.171112
3027,0.141629
3028,0.148916
3029,0.162088
3030,0.131501
3031,0.136946
3032,0.149705
3033,0.755960
3034,0.746285
3035,0.673958
3036,0.730360
3037,0.734886
3038,0.662422
3039,0.697795
3040,0.697231
3041,0.653650
3042,0.479170
3043,0.436262
3044,0.418995
3045,0.328244
3046,0.322183
3047,0.310623
3048,0.305184
3049,0.276930
3050,0.244568
3051,0.156229
3052,0.143098
3053,0.121839
3054,0.144333
3055,0.133479
3056,0.113844
3057,0.134858
3058,0.123921
3059,0.107723
3060,0.886554
3061,0.708238
3062,0.368975
3063,0.859502
3064,0.681417
3065,0.359658
3066,0.817359
3067,0.658222
3068,0.348632
3069,0.720902
3070,0.371904
3071,0.236547
3072,0.180987
3073,0.169605
3074,0.163928
3075,0.309104
3076,0.198743
3077,0.145649
3078,0.072812
3079,0.062069
3080,0.073368
3081,0.054557
3082,0.051064
3083,0.052614
3084,0.057097
3085,0.050109
3086,0.045748
3087,0.495321
3088,0.317984
3089,0.235682
3090,0.458973
3091,0.314035
3092,0.247203
3093,0.343820
3094,0.210668
3095,0.160860
3096,0.229919
3097,0.163988
3098,0.144279
3099,0.103582
3100,0.088025
3101,0.072690
3102,0.131649
3103,0.085196
3104,0.064862
3105,0.173060
3106,0.180274
3107,0.186360
3108,0.156932
3109,0.162915
3110,0.178135
3111,0.138729
3112,0.144516
3113,0.154540
3114,0.738298
3115,0.708671
3116,0.673555
3117,0.676098
3118,0.646011
3119,0.618608
3120,0.570839
3121,0.546463
3122,0.553736
3123,0.607561
3124,0.529766
3125,0.478820
3126,0.359386
3127,0.355089
3128,0.332917
3129,0.321535
3130,0.308536
3131,0.293104
3132,0.116550
3133,0.108249
3134,0.114244
3135,0.077772
3136,0.075306
3137,0.072883
3138,0.061279
3139,0.051770
3140,0.048833
3141,0.594464
3142,0.430434
3143,0.290289
3144,0.592374
3145,0.425769
3146,0.309316
3147,0.302114
3148,0.249852
3149,0.195103
3150,0.285460
3151,0.215362
3152,0.183620
3153,0.145315
3154,0.102995
3155,0.080163
3156,0.141159
3157,0.108825
3158,0.081004
3159,0.177934
3160,0.183409
3161,0.191802
3162,0.150776
3163,0.154038
3164,0.158176
3165,0.137173
3166,0.137702
3167,0.141022
3168,0.905381
3169,0.898255
3170,0.888096
3171,0.866574
3172,0.882493
3173,0.896905
3174,0.749402
3175,0.768649
3176,0.781135
3177,0.716376
3178,0.683664
3179,0.648815
3180,0.428985
3181,0.442020
3182,0.411376
3183,0.369167
3184,0.350063
3185,0.330491
3186,0.094448
3187,0.095734
3188,0.097322
3189,0.070869
3190,0.066595
3191,0.061335
3192,0.058724
3193,0.050939
3194,0.045745
3195,0.478374
3196,0.368402
3197,0.257137
3198,0.460197
3199,0.307562
3200,0.223171
3201,0.343096
3202,0.215641
