ID,Target Pressure (bar)
0,0.291895
1,0.293588
2,0.29906
3,0.290403
4,0.291223
5,0.289618
6,0.215382
7,0.220503
8,0.226537
9,1.582941
10,1.562044
11,1.45252
12,1.622781
13,1.594859
14,1.478553
15,1.255282
16,1.204238
17,1.101103
18,0.944427
19,0.918411
20,0.909203
21,0.772158
22,0.724148
23,0.533573
24,0.57279
25,0.547154
26,0.518617
27,0.099522
28,0.084297
29,0.083248
30,0.073873
31,0.054479
32,0.053918
33,0.054933
34,0.050969
35,0.05197
36,0.436544
37,0.264412
38,0.228489
39,0.500215
40,0.294052
41,0.247244
42,0.348448
43,0.224327
44,0.195056
45,0.279867
46,0.197348
47,0.180588
48,0.133665
49,0.116325
50,0.094336
51,0.139246
52,0.097712
53,0.091147
54,0.162814
55,0.172016
56,0.168603
57,0.148376
58,0.154924
59,0.15202
60,0.1396
61,0.140112
62,0.141839
63,0.72507
64,0.620326
65,0.556781
66,0.713124
67,0.611207
68,0.548389
69,0.665874
70,0.564536
71,0.510785
72,0.496843
73,0.470306
74,0.429537
75,0.32339
76,0.305911
77,0.283751
78,0.351259
79,0.321248
80,0.283271
81,0.101072
82,0.103426
83,0.105138
84,0.061735
85,0.061825
86,0.062628
87,0.052594
88,0.051407
89,0.054543
90,0.4181
91,0.375847
92,0.312631
93,0.390275
94,0.354442
95,0.293465
96,0.258927
97,0.243341
98,0.20627
99,0.298287
100,0.270484
101,0.2359
102,0.184567
103,0.151964
104,0.098879
105,0.117997
106,0.105183
107,0.098867
108,0.189281
109,0.193616
110,0.18871
111,0.154636
112,0.154289
113,0.152514
114,0.125351
115,0.12418
116,0.135214
117,0.898539
118,0.832752
119,0.687617
120,0.811331
121,0.757043
122,0.638258
123,0.580007
124,0.522896
125,0.47079
126,0.546286
127,0.51531
128,0.449236
129,0.336377
130,0.28826
131,0.233456
132,0.271677
133,0.252614
134,0.227323
135,0.128807
136,0.125339
137,0.125112
138,0.091249
139,0.093372
140,0.093408
141,0.085073
142,0.08953
143,0.08603
144,0.555039
145,0.485776
146,0.385204
147,0.566524
148,0.47229
149,0.381226
150,0.40772
151,0.346864
152,0.30635
153,0.386888
154,0.346419
155,0.283821
156,0.199342
157,0.175245
158,0.146283
159,0.188548
160,0.16146
161,0.146072
162,0.149712
163,0.165254
164,0.137459
165,0.132213
166,0.137577
167,0.109236
168,0.094373
169,0.09457
170,0.088646
171,0.945709
172,0.57306
173,0.439191
174,1.11301
175,0.634353
176,0.480915
177,0.702881
178,0.501436
179,0.402629
180,0.469684
181,0.397879
182,0.280191
183,0.218972
184,0.214759
185,0.164671
186,0.259288
187,0.199875
188,0.162212
189,0.098336
190,0.093978
191,0.090526
192,0.079247
193,0.080637
194,0.080061
195,0.069848
196,0.071198
197,0.071578
198,0.497141
199,0.366055
200,0.301448
201,0.47269
202,0.356912
203,0.304025
204,0.361897
205,0.295851
206,0.263655
207,0.346584
208,0.271767
209,0.219623
210,0.154297
211,0.146508
212,0.128044
213,0.164442
214,0.144593
215,0.127632
216,0.130685
217,0.127363
218,0.13042
219,0.095625
220,0.093164
221,0.095429
222,0.095087
223,0.092356
224,0.09414
225,0.572721
226,0.55207
227,0.545935
228,0.359427
229,0.350105
230,0.347448
231,0.34215
232,0.332318
233,0.330746
234,0.359999
235,0.355852
236,0.34991
237,0.301636
238,0.184417
239,0.178553
240,0.179513
241,0.174232
242,0.173262
243,0.328895
244,0.231911
245,0.227947
246,0.324976
247,0.231262
248,0.227999
249,0.333827
250,0.213905
251,0.213325
252,2.3241
253,1.243046
254,1.149785
255,2.344364
256,1.256246
257,1.160076
258,2.299562
259,1.230311
260,1.139181
261,0.963763
262,0.633065
263,0.581659
264,0.469615
265,0.441726
266,0.408949
267,0.777298
268,0.468626
269,0.412228
270,0.08209
271,0.082229
272,0.085669
273,0.055386
274,0.054536
275,0.056715
276,0.051642
277,0.05242
278,0.055134
279,0.471036
280,0.406364
281,0.346393
282,0.313225
283,0.296468
284,0.268081
285,0.276231
286,0.257455
287,0.235344
288,0.319255
289,0.285087
290,0.248828
291,0.178772
292,0.122436
293,0.113258
294,0.117887
295,0.117815
296,0.112497
297,0.214838
298,0.204366
299,0.196456
300,0.203721
301,0.191476
302,0.183833
303,0.15937
304,0.147855
305,0.141566
306,1.087486
307,0.947637
308,0.906279
309,1.081109
310,0.942449
311,0.904205
312,0.959936
313,0.8233
314,0.791589
315,0.6796
316,0.608173
317,0.578699
318,0.506321
319,0.487193
320,0.389287
321,0.470443
322,0.391413
323,0.383307
324,0.128045
325,0.12276
326,0.122278
327,0.114365
328,0.110204
329,0.109117
330,0.10826
331,0.104847
332,0.104845
333,0.612734
334,0.535473
335,0.442206
336,0.593643
337,0.517461
338,0.426495
339,0.575307
340,0.501451
341,0.41416
342,0.40717
343,0.377969
344,0.319415
345,0.241944
346,0.220703
347,0.22182
348,0.297318
349,0.254285
350,0.223221
351,0.242336
352,0.257241
353,0.23614
354,0.226932
355,0.233291
356,0.201245
357,0.164601
358,0.169211
359,0.155458
360,1.333254
361,0.943357
362,0.793159
363,1.420424
364,0.98378
365,0.817152
366,0.922014
367,0.737892
368,0.62834
369,0.766811
370,0.660527
371,0.548867
372,0.456516
373,0.427438
374,0.306828
375,0.386854
376,0.330395
377,0.30712
378,0.113633
379,0.109004
380,0.104698
381,0.108672
382,0.094725
383,0.093464
384,0.093859
385,0.075891
386,0.078687
387,1.040699
388,0.511226
389,0.43929
390,0.975455
391,0.501614
392,0.443002
393,0.752768
394,0.427094
395,0.388217
396,0.508605
397,0.334141
398,0.297344
399,0.191181
400,0.184803
401,0.165884
402,0.29881
403,0.195743
404,0.16636
405,0.126389
406,0.135213
407,0.138148
408,0.099815
409,0.108816
410,0.10889
411,0.08127
412,0.086161
413,0.090176
414,0.667736
415,0.536497
416,0.434484
417,0.62743
418,0.515296
419,0.418884
420,0.425552
421,0.374834
422,0.328984
423,0.406162
424,0.358416
425,0.310288
426,0.231743
427,0.205498
428,0.173508
429,0.197219
430,0.187324
431,0.172097
432,0.118144
433,0.119643
434,0.121605
435,0.103794
436,0.10492
437,0.106405
438,0.074733
439,0.073918
440,0.075316
441,0.436118
442,0.414798
443,0.40897
444,0.420854
445,0.395019
446,0.385515
447,0.346143
448,0.328599
449,0.322925
450,0.328902
451,0.327133
452,0.321182
453,0.281321
454,0.247945
455,0.181478
456,0.187454
457,0.182998
458,0.182546
459,0.088061
460,0.088297
461,0.091892
462,0.079353
463,0.081029
464,0.086028
465,0.073171
466,0.074938
467,0.080017
468,0.362769
469,0.331549
470,0.287187
471,0.325415
472,0.30137
473,0.268304
474,0.294535
475,0.272627
476,0.252469
477,0.29325
478,0.271783
479,0.24963
480,0.166577
481,0.150036
482,0.139737
483,0.154186
484,0.151095
485,0.139816
486,0.161792
487,0.145885
488,0.145541
489,0.120602
490,0.112439
491,0.108102
492,0.095374
493,0.094656
494,0.089416
495,0.819633
496,0.736275
497,0.663408
498,0.749252
499,0.681385
500,0.612164
501,0.591261
502,0.50143
503,0.466619
504,0.516696
505,0.47404
506,0.428346
507,0.324651
508,0.260812
509,0.217813
510,0.279067
511,0.252295
512,0.223189
513,0.11712
514,0.11741
515,0.110606
516,0.085337
517,0.082921
518,0.078466
519,0.064776
520,0.062444
521,0.061262
522,0.498063
523,0.424847
524,0.364531
525,0.492217
526,0.422521
527,0.347918
528,0.366783
529,0.324946
530,0.279764
531,0.344438
532,0.305435
533,0.273374
534,0.20963
535,0.178642
536,0.133998
537,0.154953
538,0.143827
539,0.132633
540,0.093146
541,0.087235
542,0.089596
543,0.083317
544,0.07668
545,0.079996
546,0.079913
547,0.073621
548,0.076062
549,0.379025
550,0.363093
551,0.33762
552,0.347606
553,0.333404
554,0.308546
555,0.33422
556,0.318857
557,0.298313
558,0.273565
559,0.257548
560,0.249933
561,0.187513
562,0.161916
563,0.151582
564,0.182057
565,0.172068
566,0.152305
567,0.082184
568,0.081729
569,0.077164
570,0.065111
571,0.064889
572,0.062197
573,0.062111
574,0.056621
575,0.055897
576,0.4183
577,0.30481
578,0.267191
579,0.402097
580,0.292144
581,0.26049
582,0.304228
583,0.23192
584,0.223166
585,0.287502
586,0.210207
587,0.191984
588,0.142278
589,0.130879
590,0.114955
591,0.158963
592,0.123285
593,0.114163
594,0.136803
595,0.139249
596,0.142207
597,0.106641
598,0.107071
599,0.102816
600,0.09115
601,0.092083
602,0.088301
603,0.714986
604,0.637514
605,0.528735
606,0.696626
607,0.6258
608,0.522861
609,0.467893
610,0.429063
611,0.353842
612,0.43766
613,0.412083
614,0.32354
615,0.265551
616,0.230625
617,0.169825
618,0.205025
619,0.199781
620,0.168003
621,0.16868
622,0.176214
623,0.180078
624,0.142389
625,0.141302
626,0.14126
627,0.113111
628,0.113933
629,0.112687
630,1.192552
631,0.888623
632,0.694831
633,1.284316
634,0.949026
635,0.749861
636,0.811307
637,0.678769
638,0.528774
639,0.716442
640,0.555951
641,0.444569
642,0.352754
643,0.357972
644,0.253826
645,0.363453
646,0.279223
647,0.257798
648,0.10486
649,0.117586
650,0.108453
651,0.0943
652,0.103421
653,0.095285
654,0.08237
655,0.091792
656,0.085034
657,0.554063
658,0.471829
659,0.379187
660,0.557124
661,0.473311
662,0.38664
663,0.544319
664,0.459986
665,0.375116
666,0.33863
667,0.302831
668,0.253567
669,0.197765
670,0.190663
671,0.179555
672,0.265493
673,0.224634
674,0.180369
675,0.417836
676,0.335477
677,0.330033
678,0.423732
679,0.330086
680,0.317552
681,0.316692
682,0.24781
683,0.236882
684,1.712627
685,1.415756
686,1.25784
687,1.752785
688,1.43353
689,1.268142
690,1.382312
691,1.130988
692,1.033943
693,1.119213
694,0.919019
695,0.871678
696,0.69678
697,0.668964
698,0.522261
699,0.682245
700,0.559687
701,0.521537
702,0.102645
703,0.096696
704,0.093141
705,0.059708
706,0.056431
707,0.054529
708,0.050645
709,0.04773
710,0.04745
711,0.3933
712,0.324045
713,0.264
714,0.361007
715,0.298806
716,0.230579
717,0.290883
718,0.239237
719,0.185113
720,0.301841
721,0.250681
722,0.199545
723,0.153117
724,0.11879
725,0.090289
726,0.123251
727,0.104759
728,0.089714
729,0.137678
730,0.145276
731,0.133193
732,0.070224
733,0.075441
734,0.076462
735,0.063283
736,0.067604
737,0.069624
738,0.522167
739,0.439986
740,0.371083
741,0.32005
742,0.308234
743,0.279577
744,0.25892
745,0.257784
746,0.24374
747,0.369338
748,0.321859
749,0.280205
750,0.209972
751,0.146046
752,0.125143
753,0.123248
754,0.129081
755,0.124041
756,0.119797
757,0.115341
758,0.11656
759,0.105596
760,0.10142
761,0.101927
762,0.084763
763,0.077752
764,0.07967
765,0.945407
766,0.831019
767,0.669964
768,1.076348
769,0.936419
770,0.740477
771,0.703174
772,0.616166
773,0.535088
774,0.354752
775,0.328472
776,0.307138
777,0.275925
778,0.325959
779,0.191417
780,0.191161
781,0.178304
782,0.176319
783,0.11686
784,0.118524
785,0.11774
786,0.088062
787,0.085249
788,0.087177
789,0.06544
790,0.07278
791,0.074626
792,0.772509
793,0.490627
794,0.448529
795,0.815594
796,0.509555
797,0.455106
798,0.504252
799,0.351361
800,0.337701
801,0.397081
802,0.320837
803,0.288997
804,0.209792
805,0.19256
806,0.143554
807,0.18198
808,0.158189
809,0.142725
810,0.110463
811,0.109941
812,0.111783
813,0.090953
814,0.087578
815,0.089191
816,0.069883
817,0.067354
818,0.065028
819,0.509948
820,0.433104
821,0.395737
822,0.496442
823,0.424439
824,0.387354
825,0.388248
826,0.351788
827,0.277597
828,0.35547
829,0.321763
830,0.300034
831,0.221541
832,0.189361
833,0.140494
834,0.167043
835,0.162079
836,0.141318
837,0.611928
838,0.490546
839,0.42015
840,0.583981
841,0.444451
842,0.388381
843,0.471456
844,0.351647
845,0.308866
846,2.514513
847,1.910824
848,1.501693
849,2.666346
850,2.066481
851,1.576274
852,2.131952
853,1.647649
854,1.346572
855,1.670128
856,1.270365
857,1.050221
858,0.894533
859,0.898282
860,0.792468
861,1.125097
862,0.860155
863,0.720107
864,0.107729
865,0.10982
866,0.113613
867,0.07536
868,0.075883
869,0.077362
870,0.063203
871,0.064278
872,0.066707
873,0.416024
874,0.405467
875,0.396875
876,0.35572
877,0.348216
878,0.329688
879,0.252533
880,0.251599
881,0.239175
882,0.31884
883,0.309072
884,0.282036
885,0.228253
886,0.173194
887,0.117587
888,0.12096
889,0.12205
890,0.116211
891,0.582952
892,0.369774
893,0.340203
894,0.589316
895,0.366729
896,0.336255
897,0.566911
898,0.338197
899,0.313383
900,1.316429
901,0.759675
902,0.673076
903,1.343685
904,0.764871
905,0.674001
906,1.198584
907,0.718943
908,0.644269
909,0.821235
910,0.505963
911,0.444995
912,0.375634
913,0.374464
914,0.352209
915,0.680815
916,0.404939
917,0.356699
918,0.142819
919,0.139696
920,0.137261
921,0.113333
922,0.110137
923,0.107154
924,0.084357
925,0.082309
926,0.082151
927,0.774345
928,0.728157
929,0.642022
930,0.747952
931,0.712768
932,0.638027
933,0.436757
934,0.417713
935,0.393012
936,0.453927
937,0.439987
938,0.415743
939,0.34177
940,0.295422
941,0.197301
942,0.206393
943,0.198526
944,0.192611
945,0.089618
946,0.079843
947,0.087077
948,0.072877
949,0.063614
950,0.063755
951,0.069793
952,0.059577
953,0.058152
954,0.50269
955,0.428983
956,0.345725
957,0.357359
958,0.301018
959,0.260967
960,0.305586
961,0.257036
962,0.223404
963,0.320527
964,0.264496
965,0.241008
966,0.176295
967,0.124443
968,0.106459
969,0.133752
970,0.108101
971,0.103387
972,0.224323
973,0.228332
974,0.234892
975,0.207378
976,0.209072
977,0.207462
978,0.156875
979,0.161071
980,0.164788
981,0.953538
982,0.901508
983,0.780806
984,1.033827
985,0.959981
986,0.797571
987,0.638414
988,0.623915
989,0.541885
990,0.6066
991,0.596922
992,0.562772
993,0.486465
994,0.467379
995,0.322297
996,0.329689
997,0.340413
998,0.316065
999,0.108096
1000,0.102423
1001,0.101201
1002,0.074314
1003,0.068282
1004,0.066178
1005,0.070745
1006,0.05908
1007,0.056655
1008,0.38617
1009,0.314307
1010,0.268219
1011,0.367892
1012,0.293137
1013,0.244818
1014,0.291961
1015,0.231871
1016,0.197265
1017,0.302861
1018,0.262745
1019,0.219274
1020,0.156828
1021,0.122178
1022,0.104836
1023,0.14972
1024,0.120452
1025,0.104188
1026,0.147838
1027,0.149797
1028,0.140674
1029,0.120651
1030,0.121924
1031,0.114193
1032,0.091619
1033,0.090798
1034,0.090705
1035,1.329303
1036,0.871704
1037,0.680686
1038,1.296419
1039,0.868364
1040,0.685585
1041,0.906459
1042,0.670536
1043,0.530248
1044,0.600743
1045,0.530911
1046,0.451371
1047,0.342477
1048,0.339359
1049,0.276112
1050,0.342694
1051,0.308788
1052,0.279335
1053,0.096329
1054,0.09649
1055,0.091467
1056,0.063464
1057,0.067928
1058,0.069158
1059,0.059214
1060,0.064679
1061,0.065968
1062,0.427734
1063,0.412307
1064,0.376854
1065,0.291921
1066,0.288563
1067,0.278727
1068,0.25077
1069,0.248002
1070,0.248329
1071,0.285958
1072,0.276623
1073,0.258849
1074,0.199316
1075,0.145469
1076,0.131204
1077,0.123278
1078,0.128476
1079,0.128523
1080,0.073174
1081,0.080195
1082,0.079007
1083,0.059852
1084,0.064686
1085,0.064553
1086,0.06139
1087,0.068172
1088,0.068656
1089,0.379216
1090,0.309899
1091,0.261732
1092,0.270516
1093,0.239046
1094,0.211339
1095,0.243465
1096,0.213607
1097,0.193867
1098,0.263741
1099,0.231854
1100,0.194975
1101,0.147757
1102,0.119524
1103,0.114243
1104,0.126882
1105,0.124974
1106,0.113724
1107,0.287019
1108,0.288447
1109,0.272961
1110,0.214742
1111,0.216002
1112,0.22198
1113,0.196594
1114,0.196959
1115,0.203882
1116,1.517682
1117,1.494731
1118,1.421343
1119,1.192944
1120,1.187294
1121,1.129852
1122,0.981622
1123,0.958871
1124,0.928168
1125,0.997128
1126,0.992938
1127,0.941581
1128,0.780178
1129,0.58087
1130,0.435026
1131,0.451475
1132,0.432315
1133,0.432127
1134,0.210471
1135,0.17328
1136,0.169176
1137,0.189637
1138,0.156002
1139,0.152516
1140,0.129586
1141,0.123392
1142,0.122674
1143,0.913843
1144,0.713179
1145,0.593372
1146,0.882235
1147,0.704744
1148,0.589077
1149,0.746648
1150,0.59306
1151,0.498961
1152,0.614583
1153,0.471042
1154,0.386309
1155,0.325014
1156,0.304755
1157,0.240376
1158,0.382174
1159,0.284116
1160,0.240048
1161,0.074577
1162,0.075003
1163,0.083256
1164,0.071538
1165,0.072518
1166,0.08012
1167,0.070724
1168,0.071706
1169,0.07938
1170,0.342733
1171,0.332927
1172,0.310154
1173,0.327742
1174,0.320246
1175,0.29393
1176,0.32284
1177,0.315631
1178,0.291249
1179,0.268541
1180,0.252332
1181,0.237589
1182,0.165966
1183,0.150273
1184,0.150666
1185,0.178902
1186,0.168096
1187,0.156235
1188,0.137164
1189,0.147108
1190,0.148069
1191,0.109431
1192,0.120658
1193,0.121541
1194,0.094353
1195,0.098167
1196,0.102311
1197,0.68083
1198,0.635136
1199,0.567527
1200,0.676614
1201,0.637291
1202,0.560513
1203,0.435866
1204,0.405848
1205,0.369719
1206,0.414382
1207,0.396801
1208,0.377835
1209,0.303077
1210,0.280767
1211,0.219059
1212,0.225002
1213,0.223741
1214,0.218602
1215,0.135583
1216,0.122717
1217,0.110411
1218,0.110037
1219,0.096888
1220,0.085114
1221,0.099409
1222,0.086211
1223,0.077905
1224,0.5647
1225,0.462788
1226,0.365083
1227,0.545559
1228,0.428939
1229,0.341286
1230,0.489203
1231,0.383437
1232,0.316907
1233,0.395867
1234,0.331422
1235,0.273196
1236,0.21167
1237,0.169614
1238,0.147409
1239,0.225726
1240,0.182192
1241,0.148515
1242,0.191696
1243,0.188878
1244,0.19756
1245,0.161097
1246,0.159833
1247,0.159722
1248,0.15909
1249,0.157826
1250,0.157715
1251,1.007364
1252,0.976293
1253,0.929314
1254,0.728922
1255,0.71768
1256,0.694171
1257,0.708888
1258,0.697929
1259,0.670914
1260,0.666815
1261,0.643474
1262,0.630358
1263,0.47995
1264,0.346173
1265,0.329831
1266,0.341951
1267,0.336288
1268,0.3229
1269,0.096362
1270,0.097147
1271,0.099867
1272,0.083982
1273,0.085927
1274,0.08606
1275,0.060441
1276,0.065254
1277,0.065052
1278,0.36882
1279,0.325364
1280,0.296838
1281,0.389965
1282,0.352373
1283,0.313839
1284,0.265141
1285,0.251863
1286,0.226258
1287,0.274619
1288,0.257164
1289,0.223105
1290,0.170135
1291,0.162515
1292,0.119873
1293,0.127992
1294,0.124528
1295,0.119015
1296,0.077521
1297,0.080996
1298,0.076498
1299,0.059157
1300,0.058106
1301,0.059706
1302,0.056411
1303,0.055918
1304,0.056968
1305,0.407704
1306,0.342172
1307,0.283773
1308,0.317727
1309,0.272655
1310,0.232169
1311,0.277082
1312,0.242479
1313,0.218539
1314,0.282321
1315,0.23262
1316,0.198526
1317,0.146646
1318,0.122255
1319,0.108208
1320,0.126124
1321,0.115134
1322,0.106091
1323,0.09416
1324,0.096421
1325,0.094497
1326,0.078516
1327,0.078416
1328,0.076646
1329,0.063719
1330,0.058993
1331,0.05594
1332,0.474818
1333,0.375818
1334,0.313699
1335,0.47535
1336,0.375492
1337,0.320466
1338,0.332411
1339,0.285948
1340,0.221721
1341,0.308921
1342,0.259659
1343,0.221847
1344,0.169162
1345,0.153799
1346,0.111357
1347,0.158624
1348,0.134068
1349,0.113218
1350,0.243567
1351,0.229217
1352,0.237579
1353,0.213604
1354,0.195775
1355,0.204235
1356,0.145683
1357,0.149862
1358,0.161927
1359,1.081822
1360,1.029982
1361,0.935849
1362,0.989267
1363,0.944109
1364,0.869684
1365,0.667761
1366,0.664309
1367,0.653716
1368,0.785629
1369,0.745324
1370,0.637176
1371,0.51152
1372,0.443925
1373,0.326864
1374,0.310237
1375,0.306009
1376,0.31333
1377,0.117727
1378,0.117489
1379,0.116926
1380,0.12178
1381,0.122929
1382,0.113235
1383,0.074929
1384,0.079619
1385,0.077422
1386,0.477618
1387,0.410055
1388,0.365928
1389,0.49266
1390,0.439081
1391,0.380508
1392,0.372881
1393,0.347622
1394,0.305668
1395,0.324713
1396,0.315849
1397,0.275256
1398,0.218345
1399,0.214078
1400,0.159266
1401,0.19086
1402,0.186288
1403,0.156004
1404,0.193447
1405,0.193524
1406,0.184666
1407,0.178956
1408,0.176277
1409,0.171411
1410,0.129392
1411,0.126344
1412,0.126933
1413,1.165295
1414,1.137726
1415,1.067021
1416,1.120974
1417,1.085878
1418,1.024877
1419,0.759566
1420,0.745336
1421,0.705004
1422,0.707867
1423,0.697775
1424,0.668946
1425,0.55266
1426,0.493624
1427,0.349287
1428,0.34377
1429,0.34132
1430,0.328498
1431,0.144721
1432,0.147747
1433,0.152073
1434,0.108332
1435,0.105423
1436,0.104364
1437,0.083837
1438,0.085215
1439,0.087352
1440,0.685946
1441,0.6508
1442,0.588535
1443,0.654819
1444,0.604194
1445,0.520069
1446,0.469606
1447,0.450738
1448,0.396105
1449,0.43985
1450,0.424961
1451,0.40622
1452,0.32708
1453,0.266033
1454,0.213476
1455,0.215316
1456,0.212589
1457,0.209163
1458,0.120599
1459,0.129109
1460,0.122296
1461,0.094135
1462,0.093398
1463,0.091181
1464,0.06396
1465,0.073393
1466,0.070231
1467,0.661338
1468,0.520084
1469,0.431405
1470,0.763935
1471,0.562245
1472,0.474163
1473,0.40143
1474,0.357126
1475,0.321365
1476,0.35671
1477,0.328838
1478,0.262882
1479,0.198779
1480,0.171844
1481,0.128057
1482,0.152363
1483,0.145605
1484,0.128124
1485,0.127459
1486,0.124614
1487,0.110186
1488,0.09498
1489,0.082615
1490,0.079423
1491,0.078282
1492,0.075275
1493,0.074419
1494,0.76729
1495,0.406399
1496,0.321926
1497,0.763228
1498,0.407148
1499,0.319328
1500,0.491095
1501,0.325886
1502,0.269298
1503,0.48146
1504,0.303024
1505,0.245735
1506,0.165044
1507,0.15132
1508,0.122876
1509,0.205381
1510,0.144503
1511,0.12356
1512,0.180096
1513,0.160407
1514,0.151624
1515,0.167065
1516,0.148066
1517,0.139857
1518,0.158055
1519,0.137968
1520,0.129592
1521,1.167345
1522,0.825104
1523,0.656442
1524,1.155442
1525,0.814914
1526,0.640812
1527,1.117754
1528,0.820782
1529,0.633552
1530,0.689034
1531,0.541135
1532,0.438473
1533,0.318004
1534,0.300686
1535,0.294837
1536,0.50404
1537,0.376106
1538,0.296335
1539,0.116136
1540,0.111741
1541,0.102176
1542,0.093633
1543,0.087369
1544,0.082225
1545,0.067217
1546,0.06908
1547,0.069223
1548,0.584802
1549,0.484202
1550,0.399307
1551,0.527628
1552,0.438664
1553,0.367165
1554,0.363478
1555,0.309252
1556,0.270916
1557,0.382127
1558,0.333477
1559,0.277689
1560,0.201222
1561,0.17574
1562,0.138618
1563,0.180697
1564,0.16107
1565,0.138701
1566,0.150819
1567,0.154921
1568,0.146944
1569,0.137136
1570,0.140348
1571,0.130152
1572,0.129271
1573,0.119357
1574,0.124969
1575,0.694084
1576,0.579006
1577,0.450237
1578,0.697399
1579,0.582849
1580,0.448622
1581,0.598457
1582,0.489907
1583,0.408013
1584,0.468213
1585,0.404719
1586,0.311039
1587,0.253717
1588,0.239043
1589,0.208829
1590,0.273511
1591,0.238416
1592,0.20533
1593,0.225606
1594,0.185282
1595,0.167832
1596,0.209227
1597,0.163399
1598,0.147581
1599,0.142402
1600,0.120034
1601,0.109263
1602,1.299834
1603,0.67844
1604,0.586428
1605,1.370055
1606,0.71066
1607,0.610886
1608,0.889204
1609,0.528529
1610,0.46391
1611,0.741684
1612,0.487505
1613,0.424831
1614,0.335495
1615,0.328509
1616,0.214958
1617,0.376109
1618,0.245779
1619,0.209011
1620,0.110435
1621,0.106302
1622,0.109808
1623,0.082708
1624,0.078445
1625,0.079483
1626,0.064072
1627,0.063637
1628,0.065666
1629,0.478115
1630,0.435555
1631,0.401355
1632,0.389276
1633,0.345606
1634,0.31014
1635,0.27772
1636,0.255896
1637,0.239258
1638,0.3447
1639,0.306581
1640,0.284965
1641,0.222307
1642,0.174226
1643,0.129204
1644,0.139055
1645,0.132368
1646,0.129128
1647,0.109794
1648,0.109353
1649,0.10847
1650,0.097785
1651,0.096882
1652,0.095865
1653,0.083826
1654,0.082977
1655,0.08257
1656,0.479363
1657,0.475452
1658,0.456288
1659,0.478701
1660,0.47479
1661,0.455774
1662,0.465247
1663,0.458792
1664,0.440045
1665,0.314774
1666,0.310212
1667,0.29127
1668,0.243968
1669,0.240261
1670,0.223879
1671,0.246208
1672,0.242266
1673,0.227997
1674,0.149779
1675,0.160179
1676,0.163203
1677,0.08821
1678,0.0884
1679,0.088333
1680,0.077799
1681,0.077073
1682,0.081638
1683,0.661499
1684,0.57244
1685,0.519665
1686,0.409726
1687,0.371946
1688,0.340089
1689,0.345502
1690,0.322552
1691,0.307154
1692,0.44635
1693,0.413326
1694,0.383322
1695,0.323922
1696,0.191629
1697,0.164601
1698,0.16657
1699,0.161075
1700,0.164028
1701,0.114624
1702,0.109003
1703,0.109126
1704,0.097297
1705,0.09355
1706,0.094801
1707,0.09154
1708,0.087871
1709,0.089209
1710,0.575828
1711,0.530854
1712,0.459753
1713,0.470679
1714,0.438943
1715,0.397695
1716,0.42319
1717,0.408319
1718,0.377927
1719,0.348706
1720,0.317986
1721,0.304192
1722,0.239225
1723,0.183363
1724,0.165346
1725,0.17883
1726,0.170015
1727,0.167136
1728,0.166398
1729,0.158217
1730,0.150902
1731,0.127486
1732,0.116543
1733,0.116765
1734,0.108701
1735,0.10501
1736,0.102222
1737,1.014649
1738,0.791671
1739,0.647173
1740,0.923772
1741,0.731297
1742,0.594971
1743,0.630093
1744,0.543908
1745,0.464694
1746,0.575436
1747,0.492036
1748,0.424299
1749,0.301276
1750,0.260255
1751,0.20227
1752,0.261596
1753,0.227628
1754,0.201376
1755,0.115558
1756,0.116468
1757,0.11609
1758,0.104216
1759,0.095669
1760,0.096999
1761,0.074701
1762,0.072957
1763,0.072841
1764,0.796061
1765,0.552574
1766,0.485378
1767,0.898726
1768,0.594344
1769,0.521489
1770,0.552672
1771,0.428868
1772,0.385041
1773,0.411595
1774,0.331919
1775,0.287525
1776,0.227386
1777,0.234306
1778,0.194776
1779,0.233295
1780,0.208163
1781,0.193124
1782,0.189213
1783,0.167347
1784,0.167388
1785,0.16839
1786,0.148111
1787,0.149271
1788,0.152954
1789,0.138698
1790,0.1375
1791,1.007757
1792,0.868819
1793,0.756306
1794,0.961904
1795,0.83856
1796,0.747905
1797,0.654492
1798,0.596818
1799,0.558722
1800,0.721562
1801,0.637901
1802,0.521056
1803,0.418317
1804,0.411774
1805,0.326221
1806,0.394502
1807,0.346849
1808,0.314501
1809,0.110671
1810,0.112863
1811,0.112694
1812,0.076209
1813,0.077942
1814,0.075459
1815,0.057554
1816,0.055599
1817,0.05674
1818,0.846861
1819,0.515881
1820,0.443731
1821,0.833551
1822,0.512075
1823,0.436782
1824,0.507404
1825,0.356861
1826,0.315629
1827,0.358532
1828,0.290342
1829,0.237079
1830,0.156602
1831,0.133244
1832,0.113664
1833,0.154077
1834,0.124028
1835,0.110349
1836,0.111384
1837,0.10661
1838,0.100545
1839,0.081619
1840,0.081844
1841,0.078915
1842,0.081182
1843,0.08048
1844,0.079439
1845,0.52857
1846,0.47427
1847,0.412779
1848,0.358874
1849,0.32453
1850,0.299825
1851,0.317886
1852,0.286605
1853,0.274315
1854,0.378605
1855,0.351228
1856,0.292028
1857,0.221078
1858,0.150388
1859,0.144068
1860,0.168251
1861,0.152008
1862,0.141586
1863,0.188038
1864,0.171265
1865,0.160348
1866,0.171225
1867,0.1411
1868,0.130433
1869,0.125493
1870,0.112959
1871,0.109698
1872,1.276987
1873,0.775911
1874,0.666169
1875,1.360176
1876,0.824266
1877,0.696798
1878,0.861661
1879,0.622814
1880,0.550618
1881,0.761089
1882,0.510558
1883,0.422627
1884,0.344281
1885,0.297223
1886,0.234058
1887,0.383819
1888,0.274744
1889,0.235475
1890,0.107185
1891,0.106586
1892,0.107082
1893,0.091723
1894,0.083426
1895,0.082616
1896,0.075048
1897,0.07108
1898,0.073654
1899,0.495361
1900,0.396805
1901,0.305582
1902,0.543658
1903,0.419908
1904,0.318706
1905,0.476905
1906,0.373038
1907,0.291188
1908,0.324614
1909,0.277874
1910,0.233627
1911,0.163372
1912,0.151177
1913,0.135181
1914,0.226114
1915,0.16742
1916,0.13801
1917,0.253813
1918,0.195898
1919,0.178151
1920,0.175179
1921,0.153219
1922,0.163336
1923,0.139887
1924,0.13089
1925,0.145471
1926,1.09653
1927,0.916974
1928,0.745588
1929,0.844486
1930,0.718303
1931,0.621556
1932,0.689459
1933,0.627659
1934,0.567885
1935,0.744819
1936,0.586266
1937,0.487989
1938,0.373413
1939,0.337595
1940,0.294365
1941,0.336476
1942,0.294213
1943,0.292924
1944,0.128316
1945,0.118689
1946,0.12129
1947,0.085059
1948,0.077908
1949,0.078041
1950,0.070689
1951,0.070126
1952,0.07059
1953,0.527072
1954,0.496845
1955,0.482798
1956,0.421037
1957,0.404614
1958,0.39232
1959,0.293984
1960,0.290825
1961,0.281226
1962,0.372306
1963,0.345981
1964,0.342898
1965,0.285822
1966,0.210563
1967,0.144059
1968,0.140933
1969,0.137091
1970,0.137184
1971,0.209755
1972,0.201503
1973,0.191844
1974,0.169585
1975,0.167093
1976,0.159268
1977,0.144696
1978,0.142203
1979,0.140244
1980,0.963939
1981,0.906576
1982,0.763208
1983,0.919148
1984,0.842534
1985,0.711752
1986,0.850626
1987,0.780881
1988,0.672596
1989,0.629394
1990,0.584
1991,0.484193
1992,0.383471
1993,0.345002
1994,0.326807
1995,0.397561
1996,0.381834
1997,0.32714
1998,0.158378
1999,0.151069
2000,0.1531
2001,0.151187
2002,0.146344
2003,0.146092
2004,0.141563
2005,0.136304
2006,0.13508
2007,1.228191
2008,1.136843
2009,0.953441
2010,1.254788
2011,1.142684
2012,0.958865
2013,1.123703
2014,1.045302
2015,0.900569
2016,0.528317
2017,0.507221
2018,0.493665
2019,0.430438
2020,0.421674
2021,0.408967
2022,0.46483
2023,0.434068
2024,0.412196
2025,0.184913
2026,0.181818
2027,0.186099
2028,0.167598
2029,0.16762
2030,0.169662
2031,0.140157
2032,0.139348
2033,0.141819
2034,0.879051
2035,0.796617
2036,0.73072
2037,0.891708
2038,0.812262
2039,0.724456
2040,0.617399
2041,0.573417
2042,0.534283
2043,0.550086
2044,0.505315
2045,0.470898
2046,0.375985
2047,0.362652
2048,0.286381
2049,0.333929
2050,0.3228
2051,0.287061
2052,0.108662
2053,0.113235
2054,0.101672
2055,0.082673
2056,0.084874
2057,0.078313
2058,0.057107
2059,0.060745
2060,0.06171
2061,0.394567
2062,0.336478
2063,0.284572
2064,0.443434
2065,0.377104
2066,0.312177
2067,0.319037
2068,0.264536
2069,0.243658
2070,0.283147
2071,0.266044
2072,0.217853
2073,0.1617
2074,0.170876
2075,0.109027
2076,0.132806
2077,0.113683
2078,0.108223
2079,0.077895
2080,0.072321
2081,0.072288
2082,0.069678
2083,0.065738
2084,0.066354
2085,0.068771
2086,0.064847
2087,0.06572
2088,0.317078
2089,0.277311
2090,0.275481
2091,0.287176
2092,0.268629
2093,0.267643
2094,0.281777
2095,0.262687
2096,0.259554
2097,0.24442
2098,0.225364
2099,0.224319
2100,0.165772
2101,0.149869
2102,0.144726
2103,0.147972
2104,0.138337
2105,0.138325
2106,0.170003
2107,0.163227
2108,0.165562
2109,0.141439
2110,0.142078
2111,0.145119
2112,0.13559
2113,0.136405
2114,0.139715
2115,0.699838
2116,0.670222
2117,0.662411
2118,0.633777
2119,0.611185
2120,0.608106
2121,0.478343
2122,0.475314
2123,0.472637
2124,0.489144
2125,0.470091
2126,0.466651
2127,0.423426
2128,0.372683
2129,0.285514
2130,0.269599
2131,0.27053
2132,0.277626
2133,0.2155
2134,0.167329
2135,0.17674
2136,0.201165
2137,0.146121
2138,0.148395
2139,0.149482
2140,0.117049
2141,0.120587
2142,0.901094
2143,0.735208
2144,0.635382
2145,0.905581
2146,0.721054
2147,0.594765
2148,0.827979
2149,0.662733
2150,0.529715
2151,0.608118
2152,0.511173
2153,0.436845
2154,0.364816
2155,0.31873
2156,0.263039
2157,0.43031
2158,0.339559
2159,0.262945
2160,0.157847
2161,0.15636
2162,0.154669
2163,0.110899
2164,0.107515
2165,0.106977
2166,0.081208
2167,0.080154
2168,0.082034
2169,0.718346
2170,0.678727
2171,0.614835
2172,0.674524
2173,0.622772
2174,0.554544
2175,0.43831
2176,0.391179
2177,0.361159
2178,0.455976
2179,0.432763
2180,0.396001
2181,0.332104
2182,0.264846
2183,0.183148
2184,0.197359
2185,0.186578
2186,0.181005
2187,0.075794
2188,0.072379
2189,0.071877
2190,0.063763
2191,0.061986
2192,0.061446
2193,0.060209
2194,0.058405
2195,0.059489
2196,0.433878
2197,0.396279
2198,0.327646
2199,0.319166
2200,0.284527
2201,0.257616
2202,0.290648
2203,0.261554
2204,0.236924
2205,0.304282
2206,0.256779
2207,0.221235
2208,0.169462
2209,0.137568
2210,0.125478
2211,0.139929
2212,0.124794
2213,0.121388
2214,0.115104
2215,0.106953
2216,0.098799
2217,0.096934
2218,0.087322
2219,0.084734
2220,0.074835
2221,0.073744
2222,0.074017
2223,0.558715
2224,0.460278
2225,0.386522
2226,0.519746
2227,0.430172
2228,0.365944
2229,0.460777
2230,0.390132
2231,0.319594
2232,0.374324
2233,0.334069
2234,0.284042
2235,0.20356
2236,0.188929
2237,0.170993
2238,0.231577
2239,0.207569
2240,0.164361
2241,0.11522
2242,0.114025
2243,0.121077
2244,0.097315
2245,0.095955
2246,0.102268
2247,0.084766
2248,0.083441
2249,0.087596
2250,0.564147
2251,0.544782
2252,0.481536
2253,0.537777
2254,0.512951
2255,0.451984
2256,0.496166
2257,0.471466
2258,0.415878
2259,0.362582
2260,0.34519
2261,0.325817
2262,0.247398
2263,0.228617
2264,0.211297
2265,0.235303
2266,0.218479
2267,0.204207
2268,0.259649
2269,0.253175
2270,0.228492
2271,0.253411
2272,0.247407
2273,0.219136
2274,0.211767
2275,0.201192
2276,0.174625
2277,1.72973
2278,1.475654
2279,1.358564
2280,1.923907
2281,1.668345
2282,1.502467
2283,1.204199
2284,1.108825
2285,1.030535
2286,0.846951
2287,0.776479
2288,0.731137
2289,0.579225
2290,0.591594
2291,0.41237
2292,0.451213
2293,0.422871
2294,0.402885
2295,0.231591
2296,0.211069
2297,0.206131
2298,0.227056
2299,0.204978
2300,0.201329
2301,0.213703
2302,0.181263
2303,0.179854
2304,1.378083
2305,0.993162
2306,0.867672
2307,1.363924
2308,0.983854
2309,0.850065
2310,1.26109
2311,0.910423
2312,0.782273
2313,0.836426
2314,0.607349
2315,0.522943
2316,0.375973
2317,0.356104
2318,0.327643
2319,0.53159
2320,0.385497
2321,0.322055
2322,0.175578
2323,0.161554
2324,0.161576
2325,0.165365
2326,0.153832
2327,0.153864
2328,0.151473
2329,0.145998
2330,0.149817
2331,0.862173
2332,0.746755
2333,0.701894
2334,0.658213
2335,0.597373
2336,0.571533
2337,0.581529
2338,0.54078
2339,0.523219
2340,0.559353
2341,0.51851
2342,0.479635
2343,0.39458
2344,0.346102
2345,0.301142
2346,0.337678
2347,0.31266
2348,0.304296
2349,0.203514
2350,0.213067
2351,0.200563
2352,0.197681
2353,0.207479
2354,0.194724
2355,0.192889
2356,0.19872
2357,0.1864
2358,1.71296
2359,0.998041
2360,0.90412
2361,1.567003
2362,0.964109
2363,0.883153
2364,1.41003
2365,0.916218
2366,0.848036
2367,0.834569
2368,0.61394
2369,0.515223
2370,0.351021
2371,0.327211
2372,0.329848
2373,0.544841
2374,0.387595
2375,0.332608
2376,0.173868
2377,0.176262
2378,0.176151
2379,0.155367
2380,0.154266
2381,0.156144
2382,0.14509
2383,0.144495
2384,0.144133
2385,0.83203
2386,0.638179
2387,0.536479
2388,0.840529
2389,0.638687
2390,0.53719
2391,0.739352
2392,0.59604
2393,0.508486
2394,0.524813
2395,0.411843
2396,0.341788
2397,0.267801
2398,0.254943
2399,0.240597
2400,0.329556
2401,0.281036
2402,0.246973
2403,0.259256
2404,0.213066
2405,0.200537
2406,0.260879
2407,0.198858
2408,0.188054
2409,0.228773
2410,0.193883
2411,0.191498
2412,1.295388
2413,0.981116
2414,0.893156
2415,1.065219
2416,0.862734
2417,0.78754
2418,0.919126
2419,0.759164
2420,0.718905
2421,0.824487
2422,0.650009
2423,0.566667
2424,0.443224
2425,0.398908
2426,0.369477
2427,0.509047
2428,0.398794
2429,0.364807
2430,0.214164
2431,0.21857
2432,0.191761
2433,0.202626
2434,0.203291
2435,0.172419
2436,0.163218
2437,0.167962
2438,0.157129
2439,1.163517
2440,1.111915
2441,0.896552
2442,1.194535
2443,1.130702
2444,0.896875
2445,1.105054
2446,1.046671
2447,0.852015
2448,0.590296
2449,0.572603
2450,0.471612
2451,0.399653
2452,0.382961
2453,0.338557
2454,0.399717
2455,0.389136
2456,0.32884
2457,0.312468
2458,0.314142
2459,0.304017
2460,0.292567
2461,0.289547
2462,0.292601
2463,0.240921
2464,0.24538
2465,0.259446
2466,1.734151
2467,1.539842
2468,1.411529
2469,1.87857
2470,1.634369
2471,1.46747
2472,1.259219
2473,1.1735
2474,1.098027
2475,0.938848
2476,0.855324
2477,0.84351
2478,0.740174
2479,0.726944
2480,0.530449
2481,0.562885
2482,0.542864
2483,0.517269
2484,0.098393
2485,0.097549
2486,0.088184
2487,0.083712
2488,0.078008
2489,0.070329
2490,0.055737
2491,0.051147
2492,0.050509
2493,0.37935
2494,0.302514
2495,0.256877
2496,0.368744
2497,0.293665
2498,0.244211
2499,0.278601
2500,0.243918
2501,0.208318
2502,0.266919
2503,0.222521
2504,0.192108
2505,0.152783
2506,0.127646
2507,0.102909
2508,0.131666
2509,0.118892
2510,0.100823
2511,0.129608
2512,0.116306
2513,0.109383
2514,0.092118
2515,0.078776
2516,0.074089
2517,0.075214
2518,0.065729
2519,0.064543
2520,0.568
2521,0.42673
2522,0.322493
2523,0.540889
2524,0.40249
2525,0.300944
2526,0.35876
2527,0.290953
2528,0.238703
2529,0.393374
2530,0.321469
2531,0.235805
2532,0.160026
2533,0.142089
2534,0.106653
2535,0.13886
2536,0.123385
2537,0.108227
2538,0.190218
2539,0.18031
2540,0.182058
2541,0.17502
2542,0.162829
2543,0.165567
2544,0.131639
2545,0.128155
2546,0.130769
2547,0.694325
2548,0.693595
2549,0.699794
2550,0.694002
2551,0.694939
2552,0.687891
2553,0.51957
2554,0.517976
2555,0.516086
2556,0.490872
2557,0.477898
2558,0.483835
2559,0.431109
2560,0.379581
2561,0.29664
2562,0.284654
2563,0.282001
2564,0.282626
2565,0.295427
2566,0.283072
2567,0.265308
2568,0.245037
2569,0.249159
2570,0.231753
2571,0.212921
2572,0.200247
2573,0.197033
2574,1.785578
2575,0.998809
2576,0.897688
2577,1.697091
2578,0.981148
2579,0.89911
2580,1.207359
2581,0.791215
2582,0.72538
2583,0.94449
2584,0.65815
2585,0.590607
2586,0.474652
2587,0.430953
2588,0.32971
2589,0.488073
2590,0.3326
2591,0.307405
2592,0.085743
2593,0.08975
2594,0.092484
2595,0.075753
2596,0.078454
2597,0.080577
2598,0.063982
2599,0.064691
2600,0.065641
2601,0.43702
2602,0.401426
2603,0.352828
2604,0.405413
2605,0.374554
2606,0.336714
2607,0.303999
2608,0.28828
2609,0.26834
2610,0.264841
2611,0.247024
2612,0.231629
2613,0.182726
2614,0.170392
2615,0.136843
2616,0.154339
2617,0.14572
2618,0.13796
2619,0.118592
2620,0.119545
2621,0.124289
2622,0.112019
2623,0.11269
2624,0.116013
2625,0.092741
2626,0.094142
2627,0.09509
2628,0.603445
2629,0.493107
2630,0.420952
2631,0.612727
2632,0.495259
2633,0.422726
2634,0.5954
2635,0.479143
2636,0.410761
2637,0.337192
2638,0.297383
2639,0.270094
2640,0.204028
2641,0.19468
2642,0.177173
2643,0.270098
2644,0.215562
2645,0.176783
2646,0.088945
2647,0.077328
2648,0.078323
2649,0.072877
2650,0.063421
2651,0.067814
2652,0.07095
2653,0.065051
2654,0.068184
2655,0.471902
2656,0.330005
2657,0.281938
2658,0.367584
2659,0.283118
2660,0.246539
2661,0.337917
2662,0.262198
2663,0.234482
2664,0.339106
2665,0.235849
2666,0.197741
2667,0.138748
2668,0.129449
2669,0.118727
2670,0.172232
2671,0.126011
2672,0.11793
2673,0.113657
2674,0.113917
2675,0.103319
2676,0.109103
2677,0.094419
2678,0.084141
2679,0.073465
2680,0.069772
2681,0.068783
2682,0.536366
2683,0.379436
2684,0.314848
2685,0.628987
2686,0.422531
2687,0.346414
2688,0.403724
2689,0.286421
2690,0.253935
2691,0.326188
2692,0.239392
2693,0.203269
2694,0.160128
2695,0.157478
2696,0.126153
2697,0.198091
2698,0.148844
2699,0.124946
2700,0.127194
2701,0.118057
2702,0.112253
2703,0.110752
2704,0.100797
2705,0.097037
2706,0.095279
2707,0.0904
2708,0.084159
2709,0.566375
2710,0.428209
2711,0.386814
2712,0.548442
2713,0.415653
2714,0.37188
2715,0.512049
2716,0.374567
2717,0.337341
2718,0.419934
2719,0.301299
2720,0.268791
2721,0.198562
2722,0.181585
2723,0.160904
2724,0.279839
2725,0.195047
2726,0.164467
2727,0.07538
2728,0.070339
2729,0.075742
2730,0.07241
2731,0.068624
2732,0.073108
2733,0.070876
2734,0.068202
2735,0.072312
2736,0.376769
2737,0.320356
2738,0.269043
2739,0.352519
2740,0.301055
2741,0.255536
2742,0.336659
2743,0.288575
2744,0.248449
2745,0.274237
2746,0.231573
2747,0.196849
2748,0.135939
2749,0.131459
2750,0.123854
2751,0.160914
2752,0.140798
2753,0.125447
2754,0.250083
2755,0.244013
2756,0.233063
2757,0.235659
2758,0.227911
2759,0.216863
2760,0.176101
2761,0.161505
2762,0.151338
2763,1.268476
2764,1.120266
2765,1.03582
2766,1.21102
2767,1.084478
2768,1.007129
2769,0.969891
2770,0.854851
2771,0.797643
2772,0.672287
2773,0.621994
2774,0.589979
2775,0.544931
2776,0.508683
2777,0.413304
2778,0.49234
2779,0.438178
2780,0.413424
2781,0.140072
2782,0.146184
2783,0.146653
2784,0.126713
2785,0.129734
2786,0.128444
2787,0.113494
2788,0.107454
2789,0.107096
2790,0.6591
2791,0.635799
2792,0.516715
2793,0.674815
2794,0.638899
2795,0.505149
2796,0.64808
2797,0.597314
2798,0.494192
2799,0.463
2800,0.453258
2801,0.362019
2802,0.282805
2803,0.257553
2804,0.250627
2805,0.354577
2806,0.323443
2807,0.250967
2808,0.072703
2809,0.073203
2810,0.07344
2811,0.05567
2812,0.05648
2813,0.057155
2814,0.04832
2815,0.05096
2816,0.052164
2817,0.421348
2818,0.345625
2819,0.274968
2820,0.326941
2821,0.275565
2822,0.235441
2823,0.279577
2824,0.237233
2825,0.203359
2826,0.274136
2827,0.236119
2828,0.198992
2829,0.134148
2830,0.10556
2831,0.09098
2832,0.114568
2833,0.103642
2834,0.092556
2835,0.119971
2836,0.11345
2837,0.109364
2838,0.097551
2839,0.094995
2840,0.090086
2841,0.088046
2842,0.087655
2843,0.08353
2844,0.500685
2845,0.464347
2846,0.436309
2847,0.479355
2848,0.451842
2849,0.423548
2850,0.373789
2851,0.371087
2852,0.348917
2853,0.329743
2854,0.313984
2855,0.297313
2856,0.259951
2857,0.234826
2858,0.193422
2859,0.211396
2860,0.198588
2861,0.190779
2862,0.089407
2863,0.082358
2864,0.078269
2865,0.078717
2866,0.068293
2867,0.066805
2868,0.055693
2869,0.055763
2870,0.05599
2871,0.67382
2872,0.425922
2873,0.349673
2874,0.662529
2875,0.407838
2876,0.336135
2877,0.411175
2878,0.307542
2879,0.260182
2880,0.350724
2881,0.270757
2882,0.231259
2883,0.146473
2884,0.132725
2885,0.110896
2886,0.149493
2887,0.125739
2888,0.108081
2889,0.106071
2890,0.10317
2891,0.093837
2892,0.098345
2893,0.095946
2894,0.081669
2895,0.096301
2896,0.09766
2897,0.082206
2898,0.4268
2899,0.384748
2900,0.350898
2901,0.33297
2902,0.308853
2903,0.280785
2904,0.308966
2905,0.287795
2906,0.261936
2907,0.300999
2908,0.26832
2909,0.24072
2910,0.184956
2911,0.150206
2912,0.144849
2913,0.164008
2914,0.158434
2915,0.143168
2916,0.096434
2917,0.09916
2918,0.093671
2919,0.069231
2920,0.066693
2921,0.063315
2922,0.053426
2923,0.05139
2924,0.052286
2925,0.42018
2926,0.342838
2927,0.272847
2928,0.39297
2929,0.315332
2930,0.251115
2931,0.265241
2932,0.222227
2933,0.196717
2934,0.296412
2935,0.249058
2936,0.211964
2937,0.15196
2938,0.121598
2939,0.091149
2940,0.124181
2941,0.103879
2942,0.091218
2943,0.202996
2944,0.205335
2945,0.206943
2946,0.203566
2947,0.203411
2948,0.198868
2949,0.157753
2950,0.147282
2951,0.147613
2952,1.324063
2953,1.203549
2954,1.04563
2955,1.416094
2956,1.286613
2957,1.087796
2958,0.925679
2959,0.851662
2960,0.757619
2961,0.732853
2962,0.711775
2963,0.64664
2964,0.528631
2965,0.537201
2966,0.375441
2967,0.419179
2968,0.381519
2969,0.364039
2970,0.302635
2971,0.254369
2972,0.24267
2973,0.291998
2974,0.233215
2975,0.224375
2976,0.247717
2977,0.192773
2978,0.180005
2979,1.777678
2980,1.217443
2981,0.979364
2982,1.783707
2983,1.241871
2984,0.979779
2985,1.480873
2986,1.089656
2987,0.857301
2988,1.015047
2989,0.778856
2990,0.638435
2991,0.481547
2992,0.458902
2993,0.399414
2994,0.707996
2995,0.536562
2996,0.410228
2997,0.160255
2998,0.156115
2999,0.155818
3000,0.104251
3001,0.092281
3002,0.093181
3003,0.097649
3004,0.085752
3005,0.088446
3006,0.756736
3007,0.726955
3008,0.70496
3009,0.450204
3010,0.43468
3011,0.425113
3012,0.391031
3013,0.375286
3014,0.369063
3015,0.531218
3016,0.513689
3017,0.495424
3018,0.4177
3019,0.213831
3020,0.174356
3021,0.182638
3022,0.163802
3023,0.171087
3024,0.179568
3025,0.177187
3026,0.17334
3027,0.155477
3028,0.159169
3029,0.160187
3030,0.148749
3031,0.150729
3032,0.15581
3033,0.891757
3034,0.842661
3035,0.7769
3036,0.864714
3037,0.801299
3038,0.75026
3039,0.826362
3040,0.782172
3041,0.712373
3042,0.587036
3043,0.554361
3044,0.487297
3045,0.384982
3046,0.365748
3047,0.356082
3048,0.402721
3049,0.373903
3050,0.347662
3051,0.181649
3052,0.159428
3053,0.152661
3054,0.174983
3055,0.153386
3056,0.146496
3057,0.163533
3058,0.142962
3059,0.140489
3060,1.196653
3061,0.66068
3062,0.587623
3063,1.053982
3064,0.630399
3065,0.577758
3066,0.902353
3067,0.578045
3068,0.5419
3069,0.728907
3070,0.451862
3071,0.38738
3072,0.260421
3073,0.261927
3074,0.236033
3075,0.363195
3076,0.255805
3077,0.233784
3078,0.138772
3079,0.140697
3080,0.131205
3081,0.116139
3082,0.102345
3083,0.09648
3084,0.080875
3085,0.076064
3086,0.074571
3087,0.768644
3088,0.523875
3089,0.400101
3090,0.831054
3091,0.529958
3092,0.39793
3093,0.522583
3094,0.384515
3095,0.319552
3096,0.442361
3097,0.331862
3098,0.264394
3099,0.183347
3100,0.159898
3101,0.136784
3102,0.213711
3103,0.160668
3104,0.134158
3105,0.200755
3106,0.192066
3107,0.190244
3108,0.17902
3109,0.167993
3110,0.166664
3111,0.164876
3112,0.15329
3113,0.150807
3114,0.826065
3115,0.758512
3116,0.741678
3117,0.774086
3118,0.707902
3119,0.690987
3120,0.706746
3121,0.650107
3122,0.645347
3123,0.569962
3124,0.515898
3125,0.506322
3126,0.419024
3127,0.37432
3128,0.346904
3129,0.40353
3130,0.351767
3131,0.344499
3132,0.137603
3133,0.146354
3134,0.148152
3135,0.121355
3136,0.125611
3137,0.123918
3138,0.078494
3139,0.082983
3140,0.086745
3141,0.506185
3142,0.44662
3143,0.374486
3144,0.575045
3145,0.490406
3146,0.401843
3147,0.390547
3148,0.319825
3149,0.274144
3150,0.367035
3151,0.346421
3152,0.301998
3153,0.228192
3154,0.208264
3155,0.133595
3156,0.171719
3157,0.163513
3158,0.136266
3159,0.215147
3160,0.202919
3161,0.197861
3162,0.21996
3163,0.209751
3164,0.203028
3165,0.209305
3166,0.198005
3167,0.188868
3168,0.910822
3169,0.844693
3170,0.827068
3171,0.925598
3172,0.863802
3173,0.838009
3174,0.704189
3175,0.6564
3176,0.635316
3177,0.574184
3178,0.552474
3179,0.534106
3180,0.475865
3181,0.485937
3182,0.354272
3183,0.346709
3184,0.325718
3185,0.325451
3186,0.140675
3187,0.144115
3188,0.136509
3189,0.115747
3190,0.115638
3191,0.109452
3192,0.07772
3193,0.081775
3194,0.084687
3195,0.701118
3196,0.494771
3197,0.410837
3198,0.670482
3199,0.467892
3200,0.378943
3201,0.401245
3202,0.287309
